<?xml version="1.0" encoding="utf-8" ?>
<kml xmlns="http://www.opengis.net/kml/2.2">
<Document id="root_doc">
<Schema name="kenya_soc_ntu" id="kenya_soc_ntu">
	<SimpleField name="Name" type="string"></SimpleField>
	<SimpleField name="Sample Type" type="string"></SimpleField>
	<SimpleField name="Analysis Name" type="string"></SimpleField>
	<SimpleField name="Sample_Code" type="string"></SimpleField>
	<SimpleField name="Client Name" type="string"></SimpleField>
	<SimpleField name="Farm Name" type="string"></SimpleField>
	<SimpleField name="field_6" type="string"></SimpleField>
	<SimpleField name="Cooperative" type="string"></SimpleField>
	<SimpleField name="y" type="float"></SimpleField>
	<SimpleField name="x" type="float"></SimpleField>
	<SimpleField name="Crop" type="string"></SimpleField>
	<SimpleField name="Depth" type="string"></SimpleField>
	<SimpleField name="Condition" type="string"></SimpleField>
	<SimpleField name="Comments" type="string"></SimpleField>
	<SimpleField name="C (%)" type="float"></SimpleField>
	<SimpleField name="%Sand (%)" type="float"></SimpleField>
	<SimpleField name="%Silt (%)" type="float"></SimpleField>
	<SimpleField name="BD (g/cm3)" type="float"></SimpleField>
	<SimpleField name="%Clay (%)" type="float"></SimpleField>
	<SimpleField name="FAO Soil Type" type="string"></SimpleField>
</Schema>
<Folder><name>kenya_soc_ntu</name>
  <Placemark>
	<name>MNTU08</name>
	<ExtendedData><SchemaData schemaUrl="#kenya_soc_ntu">
		<SimpleData name="Sample Type">Soil Analysis</SimpleData>
		<SimpleData name="Analysis Name">Soil Organic Carbon (Dry Combustion) ,Soil Texture Analysis</SimpleData>
		<SimpleData name="Sample_Code">CR442SA0239</SimpleData>
		<SimpleData name="Client Name">Regenerative carbon Alliance</SimpleData>
		<SimpleData name="Farm Name">Regenerative carbon Alliance</SimpleData>
		<SimpleData name="Cooperative">Mumberes</SimpleData>
		<SimpleData name="y">-0.02</SimpleData>
		<SimpleData name="x">35.58</SimpleData>
		<SimpleData name="Crop">No crop</SimpleData>
		<SimpleData name="Depth">Top Soil</SimpleData>
		<SimpleData name="Condition">Moist</SimpleData>
		<SimpleData name="C (%)">5.13</SimpleData>
		<SimpleData name="%Sand (%)">25.3</SimpleData>
		<SimpleData name="%Silt (%)">26</SimpleData>
		<SimpleData name="%Clay (%)">48.7</SimpleData>
		<SimpleData name="FAO Soil Type">NTu</SimpleData>
	</SchemaData></ExtendedData>
      <Point><coordinates>35.58,-0.02</coordinates></Point>
  </Placemark>
  <Placemark>
	<name>MNTU15</name>
	<ExtendedData><SchemaData schemaUrl="#kenya_soc_ntu">
		<SimpleData name="Sample Type">Soil Analysis</SimpleData>
		<SimpleData name="Analysis Name">Soil Organic Carbon (Dry Combustion) ,Soil Texture Analysis</SimpleData>
		<SimpleData name="Sample_Code">CR442SA0240</SimpleData>
		<SimpleData name="Client Name">Regenerative carbon Alliance</SimpleData>
		<SimpleData name="Farm Name">Regenerative carbon Alliance</SimpleData>
		<SimpleData name="Cooperative">Mumberes</SimpleData>
		<SimpleData name="y">-0.022</SimpleData>
		<SimpleData name="x">35.582</SimpleData>
		<SimpleData name="Crop">No crop</SimpleData>
		<SimpleData name="Depth">Top Soil</SimpleData>
		<SimpleData name="Condition">Moist</SimpleData>
		<SimpleData name="C (%)">5.13</SimpleData>
		<SimpleData name="%Sand (%)">27.3</SimpleData>
		<SimpleData name="%Silt (%)">16</SimpleData>
		<SimpleData name="%Clay (%)">56.7</SimpleData>
		<SimpleData name="FAO Soil Type">NTu</SimpleData>
	</SchemaData></ExtendedData>
      <Point><coordinates>35.582,-0.022</coordinates></Point>
  </Placemark>
  <Placemark>
	<name>MNTU16</name>
	<ExtendedData><SchemaData schemaUrl="#kenya_soc_ntu">
		<SimpleData name="Sample Type">Soil Analysis</SimpleData>
		<SimpleData name="Analysis Name">Soil Organic Carbon (Dry Combustion) ,Soil Texture Analysis</SimpleData>
		<SimpleData name="Sample_Code">CR442SA0241</SimpleData>
		<SimpleData name="Client Name">Regenerative carbon Alliance</SimpleData>
		<SimpleData name="Farm Name">Regenerative carbon Alliance</SimpleData>
		<SimpleData name="Cooperative">Mumberes</SimpleData>
		<SimpleData name="y">-0.025</SimpleData>
		<SimpleData name="x">35.585</SimpleData>
		<SimpleData name="Crop">No crop</SimpleData>
		<SimpleData name="Depth">Top Soil</SimpleData>
		<SimpleData name="Condition">Moist</SimpleData>
		<SimpleData name="C (%)">4.22</SimpleData>
		<SimpleData name="%Sand (%)">19.3</SimpleData>
		<SimpleData name="%Silt (%)">22</SimpleData>
		<SimpleData name="%Clay (%)">58.7</SimpleData>
		<SimpleData name="FAO Soil Type">NTu</SimpleData>
	</SchemaData></ExtendedData>
      <Point><coordinates>35.585,-0.025</coordinates></Point>
  </Placemark>
  <Placemark>
	<name>MNTU26</name>
	<ExtendedData><SchemaData schemaUrl="#kenya_soc_ntu">
		<SimpleData name="Sample Type">Soil Analysis</SimpleData>
		<SimpleData name="Analysis Name">Soil Organic Carbon (Dry Combustion) ,Soil Texture Analysis</SimpleData>
		<SimpleData name="Sample_Code">CR442SA0242</SimpleData>
		<SimpleData name="Client Name">Regenerative carbon Alliance</SimpleData>
		<SimpleData name="Farm Name">Regenerative carbon Alliance</SimpleData>
		<SimpleData name="Cooperative">Mumberes</SimpleData>
		<SimpleData name="y">-0.03</SimpleData>
		<SimpleData name="x">35.588</SimpleData>
		<SimpleData name="Crop">No crop</SimpleData>
		<SimpleData name="Depth">Top Soil</SimpleData>
		<SimpleData name="Condition">Moist</SimpleData>
		<SimpleData name="C (%)">4.66</SimpleData>
		<SimpleData name="%Sand (%)">21.3</SimpleData>
		<SimpleData name="%Silt (%)">22</SimpleData>
		<SimpleData name="%Clay (%)">56.7</SimpleData>
		<SimpleData name="FAO Soil Type">NTu</SimpleData>
	</SchemaData></ExtendedData>
      <Point><coordinates>35.588,-0.03</coordinates></Point>
  </Placemark>
  <Placemark>
	<name>MNTU38</name>
	<ExtendedData><SchemaData schemaUrl="#kenya_soc_ntu">
		<SimpleData name="Sample Type">Soil Analysis</SimpleData>
		<SimpleData name="Analysis Name">Soil Organic Carbon (Dry Combustion) ,Soil Texture Analysis</SimpleData>
		<SimpleData name="Sample_Code">CR442SA0243</SimpleData>
		<SimpleData name="Client Name">Regenerative carbon Alliance</SimpleData>
		<SimpleData name="Farm Name">Regenerative carbon Alliance</SimpleData>
		<SimpleData name="Cooperative">Mumberes</SimpleData>
		<SimpleData name="y">-0.035</SimpleData>
		<SimpleData name="x">35.59</SimpleData>
		<SimpleData name="Crop">No crop</SimpleData>
		<SimpleData name="Depth">Top Soil</SimpleData>
		<SimpleData name="Condition">Moist</SimpleData>
		<SimpleData name="C (%)">3.18</SimpleData>
		<SimpleData name="%Sand (%)">13.3</SimpleData>
		<SimpleData name="%Silt (%)">24</SimpleData>
		<SimpleData name="%Clay (%)">62.7</SimpleData>
		<SimpleData name="FAO Soil Type">NTu</SimpleData>
	</SchemaData></ExtendedData>
      <Point><coordinates>35.59,-0.035</coordinates></Point>
  </Placemark>
  <Placemark>
	<name>MNTU41</name>
	<ExtendedData><SchemaData schemaUrl="#kenya_soc_ntu">
		<SimpleData name="Sample Type">Soil Analysis</SimpleData>
		<SimpleData name="Analysis Name">Soil Organic Carbon (Dry Combustion) ,Soil Texture Analysis</SimpleData>
		<SimpleData name="Sample_Code">CR442SA0244</SimpleData>
		<SimpleData name="Client Name">Regenerative carbon Alliance</SimpleData>
		<SimpleData name="Farm Name">Regenerative carbon Alliance</SimpleData>
		<SimpleData name="Cooperative">Mumberes</SimpleData>
		<SimpleData name="y">-0.037</SimpleData>
		<SimpleData name="x">35.592</SimpleData>
		<SimpleData name="Crop">No crop</SimpleData>
		<SimpleData name="Depth">Top Soil</SimpleData>
		<SimpleData name="Condition">Moist</SimpleData>
		<SimpleData name="C (%)">3.77</SimpleData>
		<SimpleData name="%Sand (%)">17.3</SimpleData>
		<SimpleData name="%Silt (%)">18</SimpleData>
		<SimpleData name="%Clay (%)">64.7</SimpleData>
		<SimpleData name="FAO Soil Type">NTu</SimpleData>
	</SchemaData></ExtendedData>
      <Point><coordinates>35.592,-0.037</coordinates></Point>
  </Placemark>
  <Placemark>
	<name>MNTU63</name>
	<ExtendedData><SchemaData schemaUrl="#kenya_soc_ntu">
		<SimpleData name="Sample Type">Soil Analysis</SimpleData>
		<SimpleData name="Analysis Name">Soil Organic Carbon (Dry Combustion) ,Soil Texture Analysis</SimpleData>
		<SimpleData name="Sample_Code">CR442SA0245</SimpleData>
		<SimpleData name="Client Name">Regenerative carbon Alliance</SimpleData>
		<SimpleData name="Farm Name">Regenerative carbon Alliance</SimpleData>
		<SimpleData name="Cooperative">Mumberes</SimpleData>
		<SimpleData name="y">-0.018</SimpleData>
		<SimpleData name="x">35.6</SimpleData>
		<SimpleData name="Crop">No crop</SimpleData>
		<SimpleData name="Depth">Top Soil</SimpleData>
		<SimpleData name="Condition">Moist</SimpleData>
		<SimpleData name="C (%)">3.82</SimpleData>
		<SimpleData name="%Sand (%)">15.3</SimpleData>
		<SimpleData name="%Silt (%)">20</SimpleData>
		<SimpleData name="%Clay (%)">64.7</SimpleData>
		<SimpleData name="FAO Soil Type">NTu</SimpleData>
	</SchemaData></ExtendedData>
      <Point><coordinates>35.6,-0.018</coordinates></Point>
  </Placemark>
  <Placemark>
	<name>MNTU62</name>
	<ExtendedData><SchemaData schemaUrl="#kenya_soc_ntu">
		<SimpleData name="Sample Type">Soil Analysis</SimpleData>
		<SimpleData name="Analysis Name">Soil Organic Carbon (Dry Combustion) ,Soil Texture Analysis</SimpleData>
		<SimpleData name="Sample_Code">CR442SA0246</SimpleData>
		<SimpleData name="Client Name">Regenerative carbon Alliance</SimpleData>
		<SimpleData name="Farm Name">Regenerative carbon Alliance</SimpleData>
		<SimpleData name="Cooperative">Mumberes</SimpleData>
		<SimpleData name="y">-0.015</SimpleData>
		<SimpleData name="x">35.625</SimpleData>
		<SimpleData name="Crop">No crop</SimpleData>
		<SimpleData name="Depth">Top Soil</SimpleData>
		<SimpleData name="Condition">Moist</SimpleData>
		<SimpleData name="C (%)">4.74</SimpleData>
		<SimpleData name="%Sand (%)">19.3</SimpleData>
		<SimpleData name="%Silt (%)">16</SimpleData>
		<SimpleData name="%Clay (%)">64.7</SimpleData>
		<SimpleData name="FAO Soil Type">NTu</SimpleData>
	</SchemaData></ExtendedData>
      <Point><coordinates>35.625,-0.015</coordinates></Point>
  </Placemark>
  <Placemark>
	<name>MNTU48</name>
	<ExtendedData><SchemaData schemaUrl="#kenya_soc_ntu">
		<SimpleData name="Sample Type">Soil Analysis</SimpleData>
		<SimpleData name="Analysis Name">Soil Organic Carbon (Dry Combustion) ,Soil Texture Analysis</SimpleData>
		<SimpleData name="Sample_Code">CR442SA0247</SimpleData>
		<SimpleData name="Client Name">Regenerative carbon Alliance</SimpleData>
		<SimpleData name="Farm Name">Regenerative carbon Alliance</SimpleData>
		<SimpleData name="Cooperative">Mumberes</SimpleData>
		<SimpleData name="y">-0.018</SimpleData>
		<SimpleData name="x">35.6</SimpleData>
		<SimpleData name="Crop">No crop</SimpleData>
		<SimpleData name="Depth">Top Soil</SimpleData>
		<SimpleData name="Condition">Moist</SimpleData>
		<SimpleData name="C (%)">2.93</SimpleData>
		<SimpleData name="%Sand (%)">23.3</SimpleData>
		<SimpleData name="%Silt (%)">24</SimpleData>
		<SimpleData name="%Clay (%)">52.7</SimpleData>
		<SimpleData name="FAO Soil Type">NTu</SimpleData>
	</SchemaData></ExtendedData>
      <Point><coordinates>35.6,-0.018</coordinates></Point>
  </Placemark>
  <Placemark>
	<name>MNTU68</name>
	<ExtendedData><SchemaData schemaUrl="#kenya_soc_ntu">
		<SimpleData name="Sample Type">Soil Analysis</SimpleData>
		<SimpleData name="Analysis Name">Soil Organic Carbon (Dry Combustion) ,Soil Texture Analysis</SimpleData>
		<SimpleData name="Sample_Code">CR442SA0248</SimpleData>
		<SimpleData name="Client Name">Regenerative carbon Alliance</SimpleData>
		<SimpleData name="Farm Name">Regenerative carbon Alliance</SimpleData>
		<SimpleData name="Cooperative">Mumberes</SimpleData>
		<SimpleData name="y">-0.029</SimpleData>
		<SimpleData name="x">35.578</SimpleData>
		<SimpleData name="Crop">No crop</SimpleData>
		<SimpleData name="Depth">Top Soil</SimpleData>
		<SimpleData name="Condition">Moist</SimpleData>
		<SimpleData name="C (%)">4.17</SimpleData>
		<SimpleData name="%Sand (%)">21.3</SimpleData>
		<SimpleData name="%Silt (%)">26</SimpleData>
		<SimpleData name="%Clay (%)">52.7</SimpleData>
		<SimpleData name="FAO Soil Type">NTu</SimpleData>
	</SchemaData></ExtendedData>
      <Point><coordinates>35.578,-0.029</coordinates></Point>
  </Placemark>
  <Placemark>
	<name>MNTU74</name>
	<ExtendedData><SchemaData schemaUrl="#kenya_soc_ntu">
		<SimpleData name="Sample Type">Soil Analysis</SimpleData>
		<SimpleData name="Analysis Name">Soil Organic Carbon (Dry Combustion) ,Soil Texture Analysis</SimpleData>
		<SimpleData name="Sample_Code">CR442SA0249</SimpleData>
		<SimpleData name="Client Name">Regenerative carbon Alliance</SimpleData>
		<SimpleData name="Farm Name">Regenerative carbon Alliance</SimpleData>
		<SimpleData name="Cooperative">Mumberes</SimpleData>
		<SimpleData name="y">-0.031</SimpleData>
		<SimpleData name="x">35.5805</SimpleData>
		<SimpleData name="Crop">No crop</SimpleData>
		<SimpleData name="Depth">Top Soil</SimpleData>
		<SimpleData name="Condition">Moist</SimpleData>
		<SimpleData name="C (%)">5.71</SimpleData>
		<SimpleData name="%Sand (%)">21.3</SimpleData>
		<SimpleData name="%Silt (%)">22</SimpleData>
		<SimpleData name="%Clay (%)">56.7</SimpleData>
		<SimpleData name="FAO Soil Type">NTu</SimpleData>
	</SchemaData></ExtendedData>
      <Point><coordinates>35.5805,-0.031</coordinates></Point>
  </Placemark>
  <Placemark>
	<name>MNTU78</name>
	<ExtendedData><SchemaData schemaUrl="#kenya_soc_ntu">
		<SimpleData name="Sample Type">Soil Analysis</SimpleData>
		<SimpleData name="Analysis Name">Soil Organic Carbon (Dry Combustion) ,Soil Texture Analysis</SimpleData>
		<SimpleData name="Sample_Code">CR442SA0250</SimpleData>
		<SimpleData name="Client Name">Regenerative carbon Alliance</SimpleData>
		<SimpleData name="Farm Name">Regenerative carbon Alliance</SimpleData>
		<SimpleData name="Cooperative">Mumberes</SimpleData>
		<SimpleData name="y">-0.0335</SimpleData>
		<SimpleData name="x">35.5795</SimpleData>
		<SimpleData name="Crop">No crop</SimpleData>
		<SimpleData name="Depth">Top Soil</SimpleData>
		<SimpleData name="Condition">Moist</SimpleData>
		<SimpleData name="C (%)">3.16</SimpleData>
		<SimpleData name="%Sand (%)">21.3</SimpleData>
		<SimpleData name="%Silt (%)">20</SimpleData>
		<SimpleData name="%Clay (%)">58.7</SimpleData>
		<SimpleData name="FAO Soil Type">NTu</SimpleData>
	</SchemaData></ExtendedData>
      <Point><coordinates>35.5795,-0.0335</coordinates></Point>
  </Placemark>
  <Placemark>
	<name>MNTU79</name>
	<ExtendedData><SchemaData schemaUrl="#kenya_soc_ntu">
		<SimpleData name="Sample Type">Soil Analysis</SimpleData>
		<SimpleData name="Analysis Name">Soil Organic Carbon (Dry Combustion) ,Soil Texture Analysis</SimpleData>
		<SimpleData name="Sample_Code">CR442SA0251</SimpleData>
		<SimpleData name="Client Name">Regenerative carbon Alliance</SimpleData>
		<SimpleData name="Farm Name">Regenerative carbon Alliance</SimpleData>
		<SimpleData name="Cooperative">Mumberes</SimpleData>
		<SimpleData name="y">-0.034</SimpleData>
		<SimpleData name="x">35.5798</SimpleData>
		<SimpleData name="Crop">No crop</SimpleData>
		<SimpleData name="Depth">Top Soil</SimpleData>
		<SimpleData name="Condition">Moist</SimpleData>
		<SimpleData name="C (%)">4.23</SimpleData>
		<SimpleData name="%Sand (%)">13.3</SimpleData>
		<SimpleData name="%Silt (%)">16</SimpleData>
		<SimpleData name="%Clay (%)">70.7</SimpleData>
		<SimpleData name="FAO Soil Type">NTu</SimpleData>
	</SchemaData></ExtendedData>
      <Point><coordinates>35.5798,-0.034</coordinates></Point>
  </Placemark>
  <Placemark>
	<name>MNTU83</name>
	<ExtendedData><SchemaData schemaUrl="#kenya_soc_ntu">
		<SimpleData name="Sample Type">Soil Analysis</SimpleData>
		<SimpleData name="Analysis Name">Soil Organic Carbon (Dry Combustion) ,Soil Texture Analysis</SimpleData>
		<SimpleData name="Sample_Code">CR442SA0252</SimpleData>
		<SimpleData name="Client Name">Regenerative carbon Alliance</SimpleData>
		<SimpleData name="Farm Name">Regenerative carbon Alliance</SimpleData>
		<SimpleData name="Cooperative">Mumberes</SimpleData>
		<SimpleData name="y">-0.036</SimpleData>
		<SimpleData name="x">35.5802</SimpleData>
		<SimpleData name="Crop">No crop</SimpleData>
		<SimpleData name="Depth">Top Soil</SimpleData>
		<SimpleData name="Condition">Moist</SimpleData>
		<SimpleData name="C (%)">5.97</SimpleData>
		<SimpleData name="%Sand (%)">19.3</SimpleData>
		<SimpleData name="%Silt (%)">18</SimpleData>
		<SimpleData name="%Clay (%)">62.7</SimpleData>
		<SimpleData name="FAO Soil Type">NTu</SimpleData>
	</SchemaData></ExtendedData>
      <Point><coordinates>35.5802,-0.036</coordinates></Point>
  </Placemark>
  <Placemark>
	<name>MNTU86</name>
	<ExtendedData><SchemaData schemaUrl="#kenya_soc_ntu">
		<SimpleData name="Sample Type">Soil Analysis</SimpleData>
		<SimpleData name="Analysis Name">Soil Organic Carbon (Dry Combustion) ,Soil Texture Analysis</SimpleData>
		<SimpleData name="Sample_Code">CR442SA0253</SimpleData>
		<SimpleData name="Client Name">Regenerative carbon Alliance</SimpleData>
		<SimpleData name="Farm Name">Regenerative carbon Alliance</SimpleData>
		<SimpleData name="Cooperative">Mumberes</SimpleData>
		<SimpleData name="y">-0.0385</SimpleData>
		<SimpleData name="x">35.5765</SimpleData>
		<SimpleData name="Crop">No crop</SimpleData>
		<SimpleData name="Depth">Top Soil</SimpleData>
		<SimpleData name="Condition">Moist</SimpleData>
		<SimpleData name="C (%)">5.31</SimpleData>
		<SimpleData name="%Sand (%)">23.3</SimpleData>
		<SimpleData name="%Silt (%)">22</SimpleData>
		<SimpleData name="%Clay (%)">54.7</SimpleData>
		<SimpleData name="FAO Soil Type">NTu</SimpleData>
	</SchemaData></ExtendedData>
      <Point><coordinates>35.5765,-0.0385</coordinates></Point>
  </Placemark>
  <Placemark>
	<name>MNTU89</name>
	<ExtendedData><SchemaData schemaUrl="#kenya_soc_ntu">
		<SimpleData name="Sample Type">Soil Analysis</SimpleData>
		<SimpleData name="Analysis Name">Soil Organic Carbon (Dry Combustion) ,Soil Texture Analysis</SimpleData>
		<SimpleData name="Sample_Code">CR442SA0254</SimpleData>
		<SimpleData name="Client Name">Regenerative carbon Alliance</SimpleData>
		<SimpleData name="Farm Name">Regenerative carbon Alliance</SimpleData>
		<SimpleData name="Cooperative">Mumberes</SimpleData>
		<SimpleData name="y">-0.04</SimpleData>
		<SimpleData name="x">35.577</SimpleData>
		<SimpleData name="Crop">No crop</SimpleData>
		<SimpleData name="Depth">Top Soil</SimpleData>
		<SimpleData name="Condition">Moist</SimpleData>
		<SimpleData name="C (%)">4.32</SimpleData>
		<SimpleData name="%Sand (%)">17.3</SimpleData>
		<SimpleData name="%Silt (%)">14</SimpleData>
		<SimpleData name="%Clay (%)">68.7</SimpleData>
		<SimpleData name="FAO Soil Type">NTu</SimpleData>
	</SchemaData></ExtendedData>
      <Point><coordinates>35.577,-0.04</coordinates></Point>
  </Placemark>
  <Placemark>
	<name>K02</name>
	<ExtendedData><SchemaData schemaUrl="#kenya_soc_ntu">
		<SimpleData name="Sample Type">Soil Analysis</SimpleData>
		<SimpleData name="Analysis Name">Soil Organic Carbon (Dry Combustion) ,Soil Texture Analysis</SimpleData>
		<SimpleData name="Sample_Code">CR442SA0255</SimpleData>
		<SimpleData name="Client Name">Regenerative carbon Alliance</SimpleData>
		<SimpleData name="Farm Name">Regenerative carbon Alliance</SimpleData>
		<SimpleData name="Cooperative">Kabianga</SimpleData>
		<SimpleData name="y">-0.452</SimpleData>
		<SimpleData name="x">35.18</SimpleData>
		<SimpleData name="Crop">No crop</SimpleData>
		<SimpleData name="Depth">Top Soil</SimpleData>
		<SimpleData name="Condition">Moist</SimpleData>
		<SimpleData name="C (%)">7.75</SimpleData>
		<SimpleData name="%Sand (%)">25.3</SimpleData>
		<SimpleData name="%Silt (%)">22</SimpleData>
		<SimpleData name="%Clay (%)">52.7</SimpleData>
		<SimpleData name="FAO Soil Type">NTu</SimpleData>
	</SchemaData></ExtendedData>
      <Point><coordinates>35.18,-0.452</coordinates></Point>
  </Placemark>
  <Placemark>
	<name>K03</name>
	<ExtendedData><SchemaData schemaUrl="#kenya_soc_ntu">
		<SimpleData name="Sample Type">Soil Analysis</SimpleData>
		<SimpleData name="Analysis Name">Soil Organic Carbon (Dry Combustion) ,Soil Texture Analysis</SimpleData>
		<SimpleData name="Sample_Code">CR442SA0256</SimpleData>
		<SimpleData name="Client Name">Regenerative carbon Alliance</SimpleData>
		<SimpleData name="Farm Name">Regenerative carbon Alliance</SimpleData>
		<SimpleData name="Cooperative">Kabianga</SimpleData>
		<SimpleData name="y">-0.455</SimpleData>
		<SimpleData name="x">35.185</SimpleData>
		<SimpleData name="Crop">No crop</SimpleData>
		<SimpleData name="Depth">Top Soil</SimpleData>
		<SimpleData name="Condition">Moist</SimpleData>
		<SimpleData name="C (%)">5.6</SimpleData>
		<SimpleData name="%Sand (%)">15.3</SimpleData>
		<SimpleData name="%Silt (%)">16</SimpleData>
		<SimpleData name="%Clay (%)">68.7</SimpleData>
		<SimpleData name="FAO Soil Type">NTu</SimpleData>
	</SchemaData></ExtendedData>
      <Point><coordinates>35.185,-0.455</coordinates></Point>
  </Placemark>
  <Placemark>
	<name>K04</name>
	<ExtendedData><SchemaData schemaUrl="#kenya_soc_ntu">
		<SimpleData name="Sample Type">Soil Analysis</SimpleData>
		<SimpleData name="Analysis Name">Soil Organic Carbon (Dry Combustion) ,Soil Texture Analysis</SimpleData>
		<SimpleData name="Sample_Code">CR442SA0257</SimpleData>
		<SimpleData name="Client Name">Regenerative carbon Alliance</SimpleData>
		<SimpleData name="Farm Name">Regenerative carbon Alliance</SimpleData>
		<SimpleData name="Cooperative">Kabianga</SimpleData>
		<SimpleData name="y">-0.457</SimpleData>
		<SimpleData name="x">35.19</SimpleData>
		<SimpleData name="Crop">No crop</SimpleData>
		<SimpleData name="Depth">Top Soil</SimpleData>
		<SimpleData name="Condition">Moist</SimpleData>
		<SimpleData name="C (%)">4.91</SimpleData>
		<SimpleData name="%Sand (%)">19.3</SimpleData>
		<SimpleData name="%Silt (%)">20</SimpleData>
		<SimpleData name="%Clay (%)">60.7</SimpleData>
		<SimpleData name="FAO Soil Type">NTu</SimpleData>
	</SchemaData></ExtendedData>
      <Point><coordinates>35.19,-0.457</coordinates></Point>
  </Placemark>
  <Placemark>
	<name>K15</name>
	<ExtendedData><SchemaData schemaUrl="#kenya_soc_ntu">
		<SimpleData name="Sample Type">Soil Analysis</SimpleData>
		<SimpleData name="Analysis Name">Soil Organic Carbon (Dry Combustion) ,Soil Texture Analysis</SimpleData>
		<SimpleData name="Sample_Code">CR442SA0258</SimpleData>
		<SimpleData name="Client Name">Regenerative carbon Alliance</SimpleData>
		<SimpleData name="Farm Name">Regenerative carbon Alliance</SimpleData>
		<SimpleData name="Cooperative">Kabianga</SimpleData>
		<SimpleData name="y">-0.47</SimpleData>
		<SimpleData name="x">35.17</SimpleData>
		<SimpleData name="Crop">No crop</SimpleData>
		<SimpleData name="Depth">Top Soil</SimpleData>
		<SimpleData name="Condition">Moist</SimpleData>
		<SimpleData name="C (%)">5.28</SimpleData>
		<SimpleData name="%Sand (%)">17.3</SimpleData>
		<SimpleData name="%Silt (%)">20</SimpleData>
		<SimpleData name="%Clay (%)">62.7</SimpleData>
		<SimpleData name="FAO Soil Type">NTu</SimpleData>
	</SchemaData></ExtendedData>
      <Point><coordinates>35.17,-0.47</coordinates></Point>
  </Placemark>
  <Placemark>
	<name>K17</name>
	<ExtendedData><SchemaData schemaUrl="#kenya_soc_ntu">
		<SimpleData name="Sample Type">Soil Analysis</SimpleData>
		<SimpleData name="Analysis Name">Soil Organic Carbon (Dry Combustion) ,Soil Texture Analysis</SimpleData>
		<SimpleData name="Sample_Code">CR442SA0259</SimpleData>
		<SimpleData name="Client Name">Regenerative carbon Alliance</SimpleData>
		<SimpleData name="Farm Name">Regenerative carbon Alliance</SimpleData>
		<SimpleData name="Cooperative">Kabianga</SimpleData>
		<SimpleData name="y">-0.48</SimpleData>
		<SimpleData name="x">35.165</SimpleData>
		<SimpleData name="Crop">No crop</SimpleData>
		<SimpleData name="Depth">Top Soil</SimpleData>
		<SimpleData name="Condition">Moist</SimpleData>
		<SimpleData name="C (%)">8.9</SimpleData>
		<SimpleData name="%Sand (%)">31.3</SimpleData>
		<SimpleData name="%Silt (%)">22</SimpleData>
		<SimpleData name="%Clay (%)">46.7</SimpleData>
		<SimpleData name="FAO Soil Type">NTu</SimpleData>
	</SchemaData></ExtendedData>
      <Point><coordinates>35.165,-0.48</coordinates></Point>
  </Placemark>
  <Placemark>
	<name>K20</name>
	<ExtendedData><SchemaData schemaUrl="#kenya_soc_ntu">
		<SimpleData name="Sample Type">Soil Analysis</SimpleData>
		<SimpleData name="Analysis Name">Soil Organic Carbon (Dry Combustion) ,Soil Texture Analysis</SimpleData>
		<SimpleData name="Sample_Code">CR442SA0260</SimpleData>
		<SimpleData name="Client Name">Regenerative carbon Alliance</SimpleData>
		<SimpleData name="Farm Name">Regenerative carbon Alliance</SimpleData>
		<SimpleData name="Cooperative">Kabianga</SimpleData>
		<SimpleData name="y">-0.49</SimpleData>
		<SimpleData name="x">35.16</SimpleData>
		<SimpleData name="Crop">No crop</SimpleData>
		<SimpleData name="Depth">Top Soil</SimpleData>
		<SimpleData name="Condition">Moist</SimpleData>
		<SimpleData name="C (%)">5.16</SimpleData>
		<SimpleData name="%Sand (%)">21.3</SimpleData>
		<SimpleData name="%Silt (%)">22</SimpleData>
		<SimpleData name="%Clay (%)">56.7</SimpleData>
		<SimpleData name="FAO Soil Type">NTu</SimpleData>
	</SchemaData></ExtendedData>
      <Point><coordinates>35.16,-0.49</coordinates></Point>
  </Placemark>
  <Placemark>
	<name>KNTU022</name>
	<ExtendedData><SchemaData schemaUrl="#kenya_soc_ntu">
		<SimpleData name="Sample Type">Soil Analysis</SimpleData>
		<SimpleData name="Analysis Name">Soil Organic Carbon (Dry Combustion) ,Soil Texture Analysis</SimpleData>
		<SimpleData name="Sample_Code">CR442SA0261</SimpleData>
		<SimpleData name="Client Name">Regenerative carbon Alliance</SimpleData>
		<SimpleData name="Farm Name">Regenerative carbon Alliance</SimpleData>
		<SimpleData name="Cooperative">Kabianga</SimpleData>
		<SimpleData name="y">-0.495</SimpleData>
		<SimpleData name="x">35.175</SimpleData>
		<SimpleData name="Crop">No crop</SimpleData>
		<SimpleData name="Depth">Top Soil</SimpleData>
		<SimpleData name="Condition">Moist</SimpleData>
		<SimpleData name="C (%)">4.26</SimpleData>
		<SimpleData name="%Sand (%)">23.3</SimpleData>
		<SimpleData name="%Silt (%)">20</SimpleData>
		<SimpleData name="%Clay (%)">56.7</SimpleData>
		<SimpleData name="FAO Soil Type">NTu</SimpleData>
	</SchemaData></ExtendedData>
      <Point><coordinates>35.175,-0.495</coordinates></Point>
  </Placemark>
  <Placemark>
	<name>KA59</name>
	<ExtendedData><SchemaData schemaUrl="#kenya_soc_ntu">
		<SimpleData name="Sample Type">Soil Analysis</SimpleData>
		<SimpleData name="Analysis Name">Soil Organic Carbon (Dry Combustion) ,Soil Texture Analysis</SimpleData>
		<SimpleData name="Sample_Code">CR442SA0262</SimpleData>
		<SimpleData name="Client Name">Regenerative carbon Alliance</SimpleData>
		<SimpleData name="Farm Name">Regenerative carbon Alliance</SimpleData>
		<SimpleData name="Cooperative">Kabianga</SimpleData>
		<SimpleData name="y">-0.4152</SimpleData>
		<SimpleData name="x">35.16187</SimpleData>
		<SimpleData name="Crop">No crop</SimpleData>
		<SimpleData name="Depth">Top Soil</SimpleData>
		<SimpleData name="Condition">Moist</SimpleData>
		<SimpleData name="C (%)">4.39</SimpleData>
		<SimpleData name="%Sand (%)">21.3</SimpleData>
		<SimpleData name="%Silt (%)">26</SimpleData>
		<SimpleData name="%Clay (%)">52.7</SimpleData>
		<SimpleData name="FAO Soil Type">NTu</SimpleData>
	</SchemaData></ExtendedData>
      <Point><coordinates>35.16187,-0.4152</coordinates></Point>
  </Placemark>
  <Placemark>
	<name>KIP66</name>
	<ExtendedData><SchemaData schemaUrl="#kenya_soc_ntu">
		<SimpleData name="Sample Type">Soil Analysis</SimpleData>
		<SimpleData name="Analysis Name">Soil Organic Carbon (Dry Combustion) ,Soil Texture Analysis</SimpleData>
		<SimpleData name="Sample_Code">CR442SA0263</SimpleData>
		<SimpleData name="Client Name">Regenerative carbon Alliance</SimpleData>
		<SimpleData name="Farm Name">Regenerative carbon Alliance</SimpleData>
		<SimpleData name="Cooperative">Kipsigis</SimpleData>
		<SimpleData name="y">-0.60035</SimpleData>
		<SimpleData name="x">35.22877</SimpleData>
		<SimpleData name="Crop">No crop</SimpleData>
		<SimpleData name="Depth">Top Soil</SimpleData>
		<SimpleData name="Condition">Moist</SimpleData>
		<SimpleData name="C (%)">4.49</SimpleData>
		<SimpleData name="%Sand (%)">25.3</SimpleData>
		<SimpleData name="%Silt (%)">20</SimpleData>
		<SimpleData name="%Clay (%)">54.7</SimpleData>
		<SimpleData name="FAO Soil Type">NTu</SimpleData>
	</SchemaData></ExtendedData>
      <Point><coordinates>35.22877,-0.60035</coordinates></Point>
  </Placemark>
  <Placemark>
	<name>KIP67</name>
	<ExtendedData><SchemaData schemaUrl="#kenya_soc_ntu">
		<SimpleData name="Sample Type">Soil Analysis</SimpleData>
		<SimpleData name="Analysis Name">Soil Organic Carbon (Dry Combustion) ,Soil Texture Analysis</SimpleData>
		<SimpleData name="Sample_Code">CR442SA0264</SimpleData>
		<SimpleData name="Client Name">Regenerative carbon Alliance</SimpleData>
		<SimpleData name="Farm Name">Regenerative carbon Alliance</SimpleData>
		<SimpleData name="Cooperative">Kipsigis</SimpleData>
		<SimpleData name="y">-0.5972</SimpleData>
		<SimpleData name="x">35.25127</SimpleData>
		<SimpleData name="Crop">No crop</SimpleData>
		<SimpleData name="Depth">Top Soil</SimpleData>
		<SimpleData name="Condition">Moist</SimpleData>
		<SimpleData name="C (%)">2.9</SimpleData>
		<SimpleData name="%Sand (%)">11.3</SimpleData>
		<SimpleData name="%Silt (%)">20</SimpleData>
		<SimpleData name="%Clay (%)">68.7</SimpleData>
		<SimpleData name="FAO Soil Type">NTu</SimpleData>
	</SchemaData></ExtendedData>
      <Point><coordinates>35.25127,-0.5972</coordinates></Point>
  </Placemark>
  <Placemark>
	<name>KNTU023</name>
	<ExtendedData><SchemaData schemaUrl="#kenya_soc_ntu">
		<SimpleData name="Sample Type">Soil Analysis</SimpleData>
		<SimpleData name="Analysis Name">Soil Organic Carbon (Dry Combustion) ,Soil Texture Analysis</SimpleData>
		<SimpleData name="Sample_Code">CR442SA0265</SimpleData>
		<SimpleData name="Client Name">Regenerative carbon Alliance</SimpleData>
		<SimpleData name="Farm Name">Regenerative carbon Alliance</SimpleData>
		<SimpleData name="Cooperative">Kabianga</SimpleData>
		<SimpleData name="y">-0.5</SimpleData>
		<SimpleData name="x">35.18</SimpleData>
		<SimpleData name="Crop">No crop</SimpleData>
		<SimpleData name="Depth">Top Soil</SimpleData>
		<SimpleData name="Condition">Moist</SimpleData>
		<SimpleData name="C (%)">3.77</SimpleData>
		<SimpleData name="%Sand (%)">17.3</SimpleData>
		<SimpleData name="%Silt (%)">20</SimpleData>
		<SimpleData name="%Clay (%)">62.7</SimpleData>
		<SimpleData name="FAO Soil Type">NTu</SimpleData>
	</SchemaData></ExtendedData>
      <Point><coordinates>35.18,-0.5</coordinates></Point>
  </Placemark>
  <Placemark>
	<name>KNTU024</name>
	<ExtendedData><SchemaData schemaUrl="#kenya_soc_ntu">
		<SimpleData name="Sample Type">Soil Analysis</SimpleData>
		<SimpleData name="Analysis Name">Soil Organic Carbon (Dry Combustion) ,Soil Texture Analysis</SimpleData>
		<SimpleData name="Sample_Code">CR442SA0266</SimpleData>
		<SimpleData name="Client Name">Regenerative carbon Alliance</SimpleData>
		<SimpleData name="Farm Name">Regenerative carbon Alliance</SimpleData>
		<SimpleData name="Cooperative">Kabianga</SimpleData>
		<SimpleData name="y">-0.502</SimpleData>
		<SimpleData name="x">35.182</SimpleData>
		<SimpleData name="Crop">No crop</SimpleData>
		<SimpleData name="Depth">Top Soil</SimpleData>
		<SimpleData name="Condition">Moist</SimpleData>
		<SimpleData name="C (%)">4.29</SimpleData>
		<SimpleData name="%Sand (%)">21.3</SimpleData>
		<SimpleData name="%Silt (%)">12</SimpleData>
		<SimpleData name="%Clay (%)">66.7</SimpleData>
		<SimpleData name="FAO Soil Type">NTu</SimpleData>
	</SchemaData></ExtendedData>
      <Point><coordinates>35.182,-0.502</coordinates></Point>
  </Placemark>
  <Placemark>
	<name>KNTU025</name>
	<ExtendedData><SchemaData schemaUrl="#kenya_soc_ntu">
		<SimpleData name="Sample Type">Soil Analysis</SimpleData>
		<SimpleData name="Analysis Name">Soil Organic Carbon (Dry Combustion) ,Soil Texture Analysis</SimpleData>
		<SimpleData name="Sample_Code">CR442SA0267</SimpleData>
		<SimpleData name="Client Name">Regenerative carbon Alliance</SimpleData>
		<SimpleData name="Farm Name">Regenerative carbon Alliance</SimpleData>
		<SimpleData name="Cooperative">Kabianga</SimpleData>
		<SimpleData name="y">-0.505</SimpleData>
		<SimpleData name="x">35.185</SimpleData>
		<SimpleData name="Crop">No crop</SimpleData>
		<SimpleData name="Depth">Top Soil</SimpleData>
		<SimpleData name="Condition">Moist</SimpleData>
		<SimpleData name="C (%)">1.28</SimpleData>
		<SimpleData name="%Sand (%)">21.3</SimpleData>
		<SimpleData name="%Silt (%)">46</SimpleData>
		<SimpleData name="%Clay (%)">32.7</SimpleData>
		<SimpleData name="FAO Soil Type">NTu</SimpleData>
	</SchemaData></ExtendedData>
      <Point><coordinates>35.185,-0.505</coordinates></Point>
  </Placemark>
  <Placemark>
	<name>K09</name>
	<ExtendedData><SchemaData schemaUrl="#kenya_soc_ntu">
		<SimpleData name="Sample Type">Soil Analysis</SimpleData>
		<SimpleData name="Analysis Name">Soil Organic Carbon (Dry Combustion) ,Soil Texture Analysis</SimpleData>
		<SimpleData name="Sample_Code">CR442SA0268</SimpleData>
		<SimpleData name="Client Name">Regenerative carbon Alliance</SimpleData>
		<SimpleData name="Farm Name">Regenerative carbon Alliance</SimpleData>
		<SimpleData name="Cooperative">Kabianga</SimpleData>
		<SimpleData name="y">-0.46</SimpleData>
		<SimpleData name="x">35.182</SimpleData>
		<SimpleData name="Crop">No crop</SimpleData>
		<SimpleData name="Depth">Top Soil</SimpleData>
		<SimpleData name="Condition">Moist</SimpleData>
		<SimpleData name="C (%)">3.22</SimpleData>
		<SimpleData name="%Sand (%)">19.3</SimpleData>
		<SimpleData name="%Silt (%)">18</SimpleData>
		<SimpleData name="%Clay (%)">62.7</SimpleData>
		<SimpleData name="FAO Soil Type">NTu</SimpleData>
	</SchemaData></ExtendedData>
      <Point><coordinates>35.182,-0.46</coordinates></Point>
  </Placemark>
  <Placemark>
	<name>K1</name>
	<ExtendedData><SchemaData schemaUrl="#kenya_soc_ntu">
		<SimpleData name="Sample Type">Soil Analysis</SimpleData>
		<SimpleData name="Analysis Name">Soil Organic Carbon (Dry Combustion) ,Soil Texture Analysis</SimpleData>
		<SimpleData name="Sample_Code">CR442SA0126</SimpleData>
		<SimpleData name="Client Name">Regenerative carbon Alliance</SimpleData>
		<SimpleData name="Farm Name">Regenerative carbon Alliance</SimpleData>
		<SimpleData name="Cooperative">Kabianga</SimpleData>
		<SimpleData name="y">-0.458598054</SimpleData>
		<SimpleData name="x">35.18384747</SimpleData>
		<SimpleData name="Crop">No crop</SimpleData>
		<SimpleData name="Depth">Top Soil</SimpleData>
		<SimpleData name="Condition">Moist</SimpleData>
		<SimpleData name="C (%)">6.71</SimpleData>
		<SimpleData name="%Sand (%)">23.6</SimpleData>
		<SimpleData name="%Silt (%)">25.6</SimpleData>
		<SimpleData name="%Clay (%)">50.8</SimpleData>
		<SimpleData name="FAO Soil Type">NTu</SimpleData>
	</SchemaData></ExtendedData>
      <Point><coordinates>35.18384747,-0.458598054</coordinates></Point>
  </Placemark>
  <Placemark>
	<name>K11</name>
	<ExtendedData><SchemaData schemaUrl="#kenya_soc_ntu">
		<SimpleData name="Sample Type">Soil Analysis</SimpleData>
		<SimpleData name="Analysis Name">Soil Organic Carbon (Dry Combustion) ,Soil Texture Analysis</SimpleData>
		<SimpleData name="Sample_Code">CR442SA0127</SimpleData>
		<SimpleData name="Client Name">Regenerative carbon Alliance</SimpleData>
		<SimpleData name="Farm Name">Regenerative carbon Alliance</SimpleData>
		<SimpleData name="Cooperative">Kabianga</SimpleData>
		<SimpleData name="y">-0.45589</SimpleData>
		<SimpleData name="x">35.19161</SimpleData>
		<SimpleData name="Crop">No crop</SimpleData>
		<SimpleData name="Depth">Top Soil</SimpleData>
		<SimpleData name="Condition">Moist</SimpleData>
		<SimpleData name="C (%)">4.4</SimpleData>
		<SimpleData name="%Sand (%)">21.6</SimpleData>
		<SimpleData name="%Silt (%)">19.6</SimpleData>
		<SimpleData name="%Clay (%)">58.8</SimpleData>
		<SimpleData name="FAO Soil Type">NTu</SimpleData>
	</SchemaData></ExtendedData>
      <Point><coordinates>35.19161,-0.45589</coordinates></Point>
  </Placemark>
  <Placemark>
	<name>K12</name>
	<ExtendedData><SchemaData schemaUrl="#kenya_soc_ntu">
		<SimpleData name="Sample Type">Soil Analysis</SimpleData>
		<SimpleData name="Analysis Name">Soil Organic Carbon (Dry Combustion) ,Soil Texture Analysis</SimpleData>
		<SimpleData name="Sample_Code">CR442SA0128</SimpleData>
		<SimpleData name="Client Name">Regenerative carbon Alliance</SimpleData>
		<SimpleData name="Farm Name">Regenerative carbon Alliance</SimpleData>
		<SimpleData name="Cooperative">Kabianga</SimpleData>
		<SimpleData name="y">-0.475399764</SimpleData>
		<SimpleData name="x">35.12152736</SimpleData>
		<SimpleData name="Crop">No crop</SimpleData>
		<SimpleData name="Depth">Top Soil</SimpleData>
		<SimpleData name="Condition">Moist</SimpleData>
		<SimpleData name="C (%)">4.66</SimpleData>
		<SimpleData name="%Sand (%)">17.6</SimpleData>
		<SimpleData name="%Silt (%)">19.6</SimpleData>
		<SimpleData name="%Clay (%)">62.8</SimpleData>
		<SimpleData name="FAO Soil Type">NTu</SimpleData>
	</SchemaData></ExtendedData>
      <Point><coordinates>35.12152736,-0.475399764</coordinates></Point>
  </Placemark>
  <Placemark>
	<name>K18</name>
	<ExtendedData><SchemaData schemaUrl="#kenya_soc_ntu">
		<SimpleData name="Sample Type">Soil Analysis</SimpleData>
		<SimpleData name="Analysis Name">Soil Organic Carbon (Dry Combustion) ,Soil Texture Analysis</SimpleData>
		<SimpleData name="Sample_Code">CR442SA0129</SimpleData>
		<SimpleData name="Client Name">Regenerative carbon Alliance</SimpleData>
		<SimpleData name="Farm Name">Regenerative carbon Alliance</SimpleData>
		<SimpleData name="Cooperative">Kabianga</SimpleData>
		<SimpleData name="y">-0.51053</SimpleData>
		<SimpleData name="x">35.16083</SimpleData>
		<SimpleData name="Crop">No crop</SimpleData>
		<SimpleData name="Depth">Top Soil</SimpleData>
		<SimpleData name="Condition">Moist</SimpleData>
		<SimpleData name="C (%)">5.51</SimpleData>
		<SimpleData name="%Sand (%)">15.6</SimpleData>
		<SimpleData name="%Silt (%)">21.6</SimpleData>
		<SimpleData name="%Clay (%)">62.8</SimpleData>
		<SimpleData name="FAO Soil Type">NTu</SimpleData>
	</SchemaData></ExtendedData>
      <Point><coordinates>35.16083,-0.51053</coordinates></Point>
  </Placemark>
  <Placemark>
	<name>K26</name>
	<ExtendedData><SchemaData schemaUrl="#kenya_soc_ntu">
		<SimpleData name="Sample Type">Soil Analysis</SimpleData>
		<SimpleData name="Analysis Name">Soil Organic Carbon (Dry Combustion) ,Soil Texture Analysis</SimpleData>
		<SimpleData name="Sample_Code">CR442SA0130</SimpleData>
		<SimpleData name="Client Name">Regenerative carbon Alliance</SimpleData>
		<SimpleData name="Farm Name">Regenerative carbon Alliance</SimpleData>
		<SimpleData name="Cooperative">Kabianga</SimpleData>
		<SimpleData name="y">-0.48964</SimpleData>
		<SimpleData name="x">35.13758</SimpleData>
		<SimpleData name="Crop">No crop</SimpleData>
		<SimpleData name="Depth">Top Soil</SimpleData>
		<SimpleData name="Condition">Moist</SimpleData>
		<SimpleData name="C (%)">4.21</SimpleData>
		<SimpleData name="%Sand (%)">13.6</SimpleData>
		<SimpleData name="%Silt (%)">27.6</SimpleData>
		<SimpleData name="%Clay (%)">58.8</SimpleData>
		<SimpleData name="FAO Soil Type">NTu</SimpleData>
	</SchemaData></ExtendedData>
      <Point><coordinates>35.13758,-0.48964</coordinates></Point>
  </Placemark>
  <Placemark>
	<name>K27</name>
	<ExtendedData><SchemaData schemaUrl="#kenya_soc_ntu">
		<SimpleData name="Sample Type">Soil Analysis</SimpleData>
		<SimpleData name="Analysis Name">Soil Organic Carbon (Dry Combustion) ,Soil Texture Analysis</SimpleData>
		<SimpleData name="Sample_Code">CR442SA0131</SimpleData>
		<SimpleData name="Client Name">Regenerative carbon Alliance</SimpleData>
		<SimpleData name="Farm Name">Regenerative carbon Alliance</SimpleData>
		<SimpleData name="Cooperative">Kabianga</SimpleData>
		<SimpleData name="y">-0.46031</SimpleData>
		<SimpleData name="x">35.17281</SimpleData>
		<SimpleData name="Crop">No crop</SimpleData>
		<SimpleData name="Depth">Top Soil</SimpleData>
		<SimpleData name="Condition">Moist</SimpleData>
		<SimpleData name="C (%)">3.48</SimpleData>
		<SimpleData name="%Sand (%)">9.64</SimpleData>
		<SimpleData name="%Silt (%)">15.6</SimpleData>
		<SimpleData name="%Clay (%)">74.76</SimpleData>
		<SimpleData name="FAO Soil Type">NTu</SimpleData>
	</SchemaData></ExtendedData>
      <Point><coordinates>35.17281,-0.46031</coordinates></Point>
  </Placemark>
  <Placemark>
	<name>K7</name>
	<ExtendedData><SchemaData schemaUrl="#kenya_soc_ntu">
		<SimpleData name="Sample Type">Soil Analysis</SimpleData>
		<SimpleData name="Analysis Name">Soil Organic Carbon (Dry Combustion) ,Soil Texture Analysis</SimpleData>
		<SimpleData name="Sample_Code">CR442SA0132</SimpleData>
		<SimpleData name="Client Name">Regenerative carbon Alliance</SimpleData>
		<SimpleData name="Farm Name">Regenerative carbon Alliance</SimpleData>
		<SimpleData name="Cooperative">Kabianga</SimpleData>
		<SimpleData name="y">-0.495222436</SimpleData>
		<SimpleData name="x">35.13841396</SimpleData>
		<SimpleData name="Crop">No crop</SimpleData>
		<SimpleData name="Depth">Top Soil</SimpleData>
		<SimpleData name="Condition">Moist</SimpleData>
		<SimpleData name="C (%)">4.07</SimpleData>
		<SimpleData name="%Sand (%)">19.6</SimpleData>
		<SimpleData name="%Silt (%)">17.6</SimpleData>
		<SimpleData name="%Clay (%)">62.8</SimpleData>
		<SimpleData name="FAO Soil Type">NTu</SimpleData>
	</SchemaData></ExtendedData>
      <Point><coordinates>35.13841396,-0.495222436</coordinates></Point>
  </Placemark>
  <Placemark>
	<name>K9</name>
	<ExtendedData><SchemaData schemaUrl="#kenya_soc_ntu">
		<SimpleData name="Sample Type">Soil Analysis</SimpleData>
		<SimpleData name="Analysis Name">Soil Organic Carbon (Dry Combustion) ,Soil Texture Analysis</SimpleData>
		<SimpleData name="Sample_Code">CR442SA0133</SimpleData>
		<SimpleData name="Client Name">Regenerative carbon Alliance</SimpleData>
		<SimpleData name="Farm Name">Regenerative carbon Alliance</SimpleData>
		<SimpleData name="Cooperative">Kabianga</SimpleData>
		<SimpleData name="y">-0.46361</SimpleData>
		<SimpleData name="x">35.18181</SimpleData>
		<SimpleData name="Crop">No crop</SimpleData>
		<SimpleData name="Depth">Top Soil</SimpleData>
		<SimpleData name="Condition">Moist</SimpleData>
		<SimpleData name="C (%)">8.85</SimpleData>
		<SimpleData name="%Sand (%)">25.6</SimpleData>
		<SimpleData name="%Silt (%)">23.6</SimpleData>
		<SimpleData name="%Clay (%)">50.8</SimpleData>
		<SimpleData name="FAO Soil Type">NTu</SimpleData>
	</SchemaData></ExtendedData>
      <Point><coordinates>35.18181,-0.46361</coordinates></Point>
  </Placemark>
  <Placemark>
	<name>KA13</name>
	<ExtendedData><SchemaData schemaUrl="#kenya_soc_ntu">
		<SimpleData name="Sample Type">Soil Analysis</SimpleData>
		<SimpleData name="Analysis Name">Soil Organic Carbon (Dry Combustion) ,Soil Texture Analysis</SimpleData>
		<SimpleData name="Sample_Code">CR442SA0134</SimpleData>
		<SimpleData name="Client Name">Regenerative carbon Alliance</SimpleData>
		<SimpleData name="Farm Name">Regenerative carbon Alliance</SimpleData>
		<SimpleData name="Cooperative">Kabianga</SimpleData>
		<SimpleData name="y">-0.44298708</SimpleData>
		<SimpleData name="x">35.131672</SimpleData>
		<SimpleData name="Crop">No crop</SimpleData>
		<SimpleData name="Depth">Top Soil</SimpleData>
		<SimpleData name="Condition">Moist</SimpleData>
		<SimpleData name="C (%)">5.63</SimpleData>
		<SimpleData name="%Sand (%)">23.6</SimpleData>
		<SimpleData name="%Silt (%)">19.6</SimpleData>
		<SimpleData name="%Clay (%)">56.8</SimpleData>
		<SimpleData name="FAO Soil Type">NTu</SimpleData>
	</SchemaData></ExtendedData>
      <Point><coordinates>35.131672,-0.44298708</coordinates></Point>
  </Placemark>
  <Placemark>
	<name>KA4</name>
	<ExtendedData><SchemaData schemaUrl="#kenya_soc_ntu">
		<SimpleData name="Sample Type">Soil Analysis</SimpleData>
		<SimpleData name="Analysis Name">Soil Bulk Density,Soil Organic Carbon (Dry Combustion),Soil Texture Analysis</SimpleData>
		<SimpleData name="Sample_Code">CR442SA0135</SimpleData>
		<SimpleData name="Client Name">Regenerative carbon Alliance</SimpleData>
		<SimpleData name="Farm Name">Regenerative carbon Alliance</SimpleData>
		<SimpleData name="Cooperative">Kabianga</SimpleData>
		<SimpleData name="y">-0.4287994</SimpleData>
		<SimpleData name="x">35.144828</SimpleData>
		<SimpleData name="Crop">No crop</SimpleData>
		<SimpleData name="Depth">Top Soil</SimpleData>
		<SimpleData name="Condition">Moist</SimpleData>
		<SimpleData name="C (%)">5.74</SimpleData>
		<SimpleData name="%Sand (%)">29.6</SimpleData>
		<SimpleData name="%Silt (%)">19.6</SimpleData>
		<SimpleData name="BD (g/cm3)">0.9</SimpleData>
		<SimpleData name="%Clay (%)">50.8</SimpleData>
		<SimpleData name="FAO Soil Type">NTu</SimpleData>
	</SchemaData></ExtendedData>
      <Point><coordinates>35.144828,-0.4287994</coordinates></Point>
  </Placemark>
  <Placemark>
	<name>KA50</name>
	<ExtendedData><SchemaData schemaUrl="#kenya_soc_ntu">
		<SimpleData name="Sample Type">Soil Analysis</SimpleData>
		<SimpleData name="Analysis Name">Soil Bulk Density,Soil Organic Carbon (Dry Combustion),Soil Texture Analysis</SimpleData>
		<SimpleData name="Sample_Code">CR442SA0136</SimpleData>
		<SimpleData name="Client Name">Regenerative carbon Alliance</SimpleData>
		<SimpleData name="Farm Name">Regenerative carbon Alliance</SimpleData>
		<SimpleData name="Cooperative">Kabianga</SimpleData>
		<SimpleData name="y">-0.4173038</SimpleData>
		<SimpleData name="x">35.1046031</SimpleData>
		<SimpleData name="Crop">No crop</SimpleData>
		<SimpleData name="Depth">Top Soil</SimpleData>
		<SimpleData name="Condition">Moist</SimpleData>
		<SimpleData name="C (%)">3.86</SimpleData>
		<SimpleData name="%Sand (%)">21.6</SimpleData>
		<SimpleData name="%Silt (%)">19.6</SimpleData>
		<SimpleData name="BD (g/cm3)">1.03</SimpleData>
		<SimpleData name="%Clay (%)">58.8</SimpleData>
		<SimpleData name="FAO Soil Type">NTu</SimpleData>
	</SchemaData></ExtendedData>
      <Point><coordinates>35.1046031,-0.4173038</coordinates></Point>
  </Placemark>
  <Placemark>
	<name>KA50</name>
	<ExtendedData><SchemaData schemaUrl="#kenya_soc_ntu">
		<SimpleData name="Sample Type">Soil Analysis</SimpleData>
		<SimpleData name="Analysis Name">Soil Bulk Density,Soil Organic Carbon (Dry Combustion),Soil Texture Analysis</SimpleData>
		<SimpleData name="Sample_Code">CR442SA0137</SimpleData>
		<SimpleData name="Client Name">Regenerative carbon Alliance</SimpleData>
		<SimpleData name="Farm Name">Regenerative carbon Alliance</SimpleData>
		<SimpleData name="Cooperative">Kabianga</SimpleData>
		<SimpleData name="y">-0.4173038</SimpleData>
		<SimpleData name="x">35.1046031</SimpleData>
		<SimpleData name="Crop">No crop</SimpleData>
		<SimpleData name="Depth">Top Soil</SimpleData>
		<SimpleData name="Condition">Moist</SimpleData>
		<SimpleData name="C (%)">2.64</SimpleData>
		<SimpleData name="%Sand (%)">19.6</SimpleData>
		<SimpleData name="%Silt (%)">13.6</SimpleData>
		<SimpleData name="BD (g/cm3)">0.81</SimpleData>
		<SimpleData name="%Clay (%)">66.8</SimpleData>
		<SimpleData name="FAO Soil Type">NTu</SimpleData>
	</SchemaData></ExtendedData>
      <Point><coordinates>35.1046031,-0.4173038</coordinates></Point>
  </Placemark>
  <Placemark>
	<name>KA51</name>
	<ExtendedData><SchemaData schemaUrl="#kenya_soc_ntu">
		<SimpleData name="Sample Type">Soil Analysis</SimpleData>
		<SimpleData name="Analysis Name">Soil Bulk Density,Soil Organic Carbon (Dry Combustion),Soil Texture Analysis</SimpleData>
		<SimpleData name="Sample_Code">CR442SA0138</SimpleData>
		<SimpleData name="Client Name">Regenerative carbon Alliance</SimpleData>
		<SimpleData name="Farm Name">Regenerative carbon Alliance</SimpleData>
		<SimpleData name="Cooperative">Kabianga</SimpleData>
		<SimpleData name="y">-0.4222144</SimpleData>
		<SimpleData name="x">35.1387888</SimpleData>
		<SimpleData name="Crop">No crop</SimpleData>
		<SimpleData name="Depth">Top Soil</SimpleData>
		<SimpleData name="Condition">Moist</SimpleData>
		<SimpleData name="C (%)">3.6</SimpleData>
		<SimpleData name="%Sand (%)">15.6</SimpleData>
		<SimpleData name="%Silt (%)">19.6</SimpleData>
		<SimpleData name="BD (g/cm3)">1.09</SimpleData>
		<SimpleData name="%Clay (%)">64.8</SimpleData>
		<SimpleData name="FAO Soil Type">NTu</SimpleData>
	</SchemaData></ExtendedData>
      <Point><coordinates>35.1387888,-0.4222144</coordinates></Point>
  </Placemark>
  <Placemark>
	<name>KA52</name>
	<ExtendedData><SchemaData schemaUrl="#kenya_soc_ntu">
		<SimpleData name="Sample Type">Soil Analysis</SimpleData>
		<SimpleData name="Analysis Name">Soil Bulk Density,Soil Organic Carbon (Dry Combustion),Soil Texture Analysis</SimpleData>
		<SimpleData name="Sample_Code">CR442SA0139</SimpleData>
		<SimpleData name="Client Name">Regenerative carbon Alliance</SimpleData>
		<SimpleData name="Farm Name">Regenerative carbon Alliance</SimpleData>
		<SimpleData name="Cooperative">Kabianga</SimpleData>
		<SimpleData name="y">-0.3989269</SimpleData>
		<SimpleData name="x">35.1023141</SimpleData>
		<SimpleData name="Crop">No crop</SimpleData>
		<SimpleData name="Depth">Top Soil</SimpleData>
		<SimpleData name="Condition">Moist</SimpleData>
		<SimpleData name="C (%)">3.33</SimpleData>
		<SimpleData name="%Sand (%)">23.6</SimpleData>
		<SimpleData name="%Silt (%)">21.6</SimpleData>
		<SimpleData name="BD (g/cm3)">1.09</SimpleData>
		<SimpleData name="%Clay (%)">54.8</SimpleData>
		<SimpleData name="FAO Soil Type">NTu</SimpleData>
	</SchemaData></ExtendedData>
      <Point><coordinates>35.1023141,-0.3989269</coordinates></Point>
  </Placemark>
  <Placemark>
	<name>KA53</name>
	<ExtendedData><SchemaData schemaUrl="#kenya_soc_ntu">
		<SimpleData name="Sample Type">Soil Analysis</SimpleData>
		<SimpleData name="Analysis Name">Soil Bulk Density,Soil Organic Carbon (Dry Combustion),Soil Texture Analysis</SimpleData>
		<SimpleData name="Sample_Code">CR442SA0140</SimpleData>
		<SimpleData name="Client Name">Regenerative carbon Alliance</SimpleData>
		<SimpleData name="Farm Name">Regenerative carbon Alliance</SimpleData>
		<SimpleData name="Cooperative">Kabianga</SimpleData>
		<SimpleData name="y">-0.4050438</SimpleData>
		<SimpleData name="x">35.1822397</SimpleData>
		<SimpleData name="Crop">No crop</SimpleData>
		<SimpleData name="Depth">Top Soil</SimpleData>
		<SimpleData name="Condition">Moist</SimpleData>
		<SimpleData name="C (%)">6.18</SimpleData>
		<SimpleData name="%Sand (%)">21.6</SimpleData>
		<SimpleData name="%Silt (%)">25.6</SimpleData>
		<SimpleData name="BD (g/cm3)">1.11</SimpleData>
		<SimpleData name="%Clay (%)">52.8</SimpleData>
		<SimpleData name="FAO Soil Type">NTu</SimpleData>
	</SchemaData></ExtendedData>
      <Point><coordinates>35.1822397,-0.4050438</coordinates></Point>
  </Placemark>
  <Placemark>
	<name>KA54</name>
	<ExtendedData><SchemaData schemaUrl="#kenya_soc_ntu">
		<SimpleData name="Sample Type">Soil Analysis</SimpleData>
		<SimpleData name="Analysis Name">Soil Organic Carbon (Dry Combustion) ,Soil Texture Analysis</SimpleData>
		<SimpleData name="Sample_Code">CR442SA0141</SimpleData>
		<SimpleData name="Client Name">Regenerative carbon Alliance</SimpleData>
		<SimpleData name="Farm Name">Regenerative carbon Alliance</SimpleData>
		<SimpleData name="Cooperative">Kabianga</SimpleData>
		<SimpleData name="y">-0.4251839</SimpleData>
		<SimpleData name="x">35.0663544</SimpleData>
		<SimpleData name="Crop">No crop</SimpleData>
		<SimpleData name="Depth">Top Soil</SimpleData>
		<SimpleData name="Condition">Moist</SimpleData>
		<SimpleData name="C (%)">3.84</SimpleData>
		<SimpleData name="%Sand (%)">15.6</SimpleData>
		<SimpleData name="%Silt (%)">23.6</SimpleData>
		<SimpleData name="%Clay (%)">60.8</SimpleData>
		<SimpleData name="FAO Soil Type">NTu</SimpleData>
	</SchemaData></ExtendedData>
      <Point><coordinates>35.0663544,-0.4251839</coordinates></Point>
  </Placemark>
  <Placemark>
	<name>KA56</name>
	<ExtendedData><SchemaData schemaUrl="#kenya_soc_ntu">
		<SimpleData name="Sample Type">Soil Analysis</SimpleData>
		<SimpleData name="Analysis Name">Soil Organic Carbon (Dry Combustion) ,Soil Texture Analysis</SimpleData>
		<SimpleData name="Sample_Code">CR442SA0142</SimpleData>
		<SimpleData name="Client Name">Regenerative carbon Alliance</SimpleData>
		<SimpleData name="Farm Name">Regenerative carbon Alliance</SimpleData>
		<SimpleData name="Cooperative">Kabianga</SimpleData>
		<SimpleData name="y">-0.3978458</SimpleData>
		<SimpleData name="x">35.1277647</SimpleData>
		<SimpleData name="Crop">No crop</SimpleData>
		<SimpleData name="Depth">Top Soil</SimpleData>
		<SimpleData name="Condition">Moist</SimpleData>
		<SimpleData name="C (%)">3.54</SimpleData>
		<SimpleData name="%Sand (%)">23.6</SimpleData>
		<SimpleData name="%Silt (%)">23.6</SimpleData>
		<SimpleData name="%Clay (%)">52.8</SimpleData>
		<SimpleData name="FAO Soil Type">NTu</SimpleData>
	</SchemaData></ExtendedData>
      <Point><coordinates>35.1277647,-0.3978458</coordinates></Point>
  </Placemark>
  <Placemark>
	<name>KA56</name>
	<ExtendedData><SchemaData schemaUrl="#kenya_soc_ntu">
		<SimpleData name="Sample Type">Soil Analysis</SimpleData>
		<SimpleData name="Analysis Name">Soil Organic Carbon (Dry Combustion) ,Soil Texture Analysis</SimpleData>
		<SimpleData name="Sample_Code">CR442SA0143</SimpleData>
		<SimpleData name="Client Name">Regenerative carbon Alliance</SimpleData>
		<SimpleData name="Farm Name">Regenerative carbon Alliance</SimpleData>
		<SimpleData name="Cooperative">Kabianga</SimpleData>
		<SimpleData name="y">-0.4043145</SimpleData>
		<SimpleData name="x">35.1323085</SimpleData>
		<SimpleData name="Crop">No crop</SimpleData>
		<SimpleData name="Depth">Top Soil</SimpleData>
		<SimpleData name="Condition">Moist</SimpleData>
		<SimpleData name="C (%)">4.61</SimpleData>
		<SimpleData name="%Sand (%)">21.6</SimpleData>
		<SimpleData name="%Silt (%)">21.6</SimpleData>
		<SimpleData name="%Clay (%)">56.8</SimpleData>
		<SimpleData name="FAO Soil Type">NTu</SimpleData>
	</SchemaData></ExtendedData>
      <Point><coordinates>35.1323085,-0.4043145</coordinates></Point>
  </Placemark>
  <Placemark>
	<name>KA57</name>
	<ExtendedData><SchemaData schemaUrl="#kenya_soc_ntu">
		<SimpleData name="Sample Type">Soil Analysis</SimpleData>
		<SimpleData name="Analysis Name">Soil Organic Carbon (Dry Combustion) ,Soil Texture Analysis</SimpleData>
		<SimpleData name="Sample_Code">CR442SA0144</SimpleData>
		<SimpleData name="Client Name">Regenerative carbon Alliance</SimpleData>
		<SimpleData name="Farm Name">Regenerative carbon Alliance</SimpleData>
		<SimpleData name="Cooperative">Kabianga</SimpleData>
		<SimpleData name="y">-0.3905672</SimpleData>
		<SimpleData name="x">35.1565868</SimpleData>
		<SimpleData name="Crop">No crop</SimpleData>
		<SimpleData name="Depth">Top Soil</SimpleData>
		<SimpleData name="Condition">Moist</SimpleData>
		<SimpleData name="C (%)">5.81</SimpleData>
		<SimpleData name="%Sand (%)">25.6</SimpleData>
		<SimpleData name="%Silt (%)">25.6</SimpleData>
		<SimpleData name="%Clay (%)">48.8</SimpleData>
		<SimpleData name="FAO Soil Type">NTu</SimpleData>
	</SchemaData></ExtendedData>
      <Point><coordinates>35.1565868,-0.3905672</coordinates></Point>
  </Placemark>
  <Placemark>
	<name>KA60</name>
	<ExtendedData><SchemaData schemaUrl="#kenya_soc_ntu">
		<SimpleData name="Sample Type">Soil Analysis</SimpleData>
		<SimpleData name="Analysis Name">Soil Organic Carbon (Dry Combustion) ,Soil Texture Analysis</SimpleData>
		<SimpleData name="Sample_Code">CR442SA0145</SimpleData>
		<SimpleData name="Client Name">Regenerative carbon Alliance</SimpleData>
		<SimpleData name="Farm Name">Regenerative carbon Alliance</SimpleData>
		<SimpleData name="Cooperative">Kabianga</SimpleData>
		<SimpleData name="y">-0.4058471</SimpleData>
		<SimpleData name="x">35.0715111</SimpleData>
		<SimpleData name="Crop">No crop</SimpleData>
		<SimpleData name="Depth">Top Soil</SimpleData>
		<SimpleData name="Condition">Moist</SimpleData>
		<SimpleData name="C (%)">3.89</SimpleData>
		<SimpleData name="%Sand (%)">19.6</SimpleData>
		<SimpleData name="%Silt (%)">17.6</SimpleData>
		<SimpleData name="%Clay (%)">62.8</SimpleData>
		<SimpleData name="FAO Soil Type">NTu</SimpleData>
	</SchemaData></ExtendedData>
      <Point><coordinates>35.0715111,-0.4058471</coordinates></Point>
  </Placemark>
  <Placemark>
	<name>KA61</name>
	<ExtendedData><SchemaData schemaUrl="#kenya_soc_ntu">
		<SimpleData name="Sample Type">Soil Analysis</SimpleData>
		<SimpleData name="Analysis Name">Soil Organic Carbon (Dry Combustion) ,Soil Texture Analysis</SimpleData>
		<SimpleData name="Sample_Code">CR442SA0146</SimpleData>
		<SimpleData name="Client Name">Regenerative carbon Alliance</SimpleData>
		<SimpleData name="Farm Name">Regenerative carbon Alliance</SimpleData>
		<SimpleData name="Cooperative">Kabianga</SimpleData>
		<SimpleData name="y">-0.3999222</SimpleData>
		<SimpleData name="x">35.089068</SimpleData>
		<SimpleData name="Crop">No crop</SimpleData>
		<SimpleData name="Depth">Top Soil</SimpleData>
		<SimpleData name="Condition">Moist</SimpleData>
		<SimpleData name="C (%)">4.03</SimpleData>
		<SimpleData name="%Sand (%)">17.6</SimpleData>
		<SimpleData name="%Silt (%)">21.6</SimpleData>
		<SimpleData name="%Clay (%)">60.8</SimpleData>
		<SimpleData name="FAO Soil Type">NTu</SimpleData>
	</SchemaData></ExtendedData>
      <Point><coordinates>35.089068,-0.3999222</coordinates></Point>
  </Placemark>
  <Placemark>
	<name>KA62</name>
	<ExtendedData><SchemaData schemaUrl="#kenya_soc_ntu">
		<SimpleData name="Sample Type">Soil Analysis</SimpleData>
		<SimpleData name="Analysis Name">Soil Organic Carbon (Dry Combustion) ,Soil Texture Analysis</SimpleData>
		<SimpleData name="Sample_Code">CR442SA0147</SimpleData>
		<SimpleData name="Client Name">Regenerative carbon Alliance</SimpleData>
		<SimpleData name="Farm Name">Regenerative carbon Alliance</SimpleData>
		<SimpleData name="Cooperative">Kabianga</SimpleData>
		<SimpleData name="y">-0.4451531</SimpleData>
		<SimpleData name="x">35.078239</SimpleData>
		<SimpleData name="Crop">No crop</SimpleData>
		<SimpleData name="Depth">Top Soil</SimpleData>
		<SimpleData name="Condition">Moist</SimpleData>
		<SimpleData name="C (%)">4.16</SimpleData>
		<SimpleData name="%Sand (%)">15.6</SimpleData>
		<SimpleData name="%Silt (%)">19.6</SimpleData>
		<SimpleData name="%Clay (%)">64.8</SimpleData>
		<SimpleData name="FAO Soil Type">NTu</SimpleData>
	</SchemaData></ExtendedData>
      <Point><coordinates>35.078239,-0.4451531</coordinates></Point>
  </Placemark>
  <Placemark>
	<name>KA65</name>
	<ExtendedData><SchemaData schemaUrl="#kenya_soc_ntu">
		<SimpleData name="Sample Type">Soil Analysis</SimpleData>
		<SimpleData name="Analysis Name">Soil Organic Carbon (Dry Combustion) ,Soil Texture Analysis</SimpleData>
		<SimpleData name="Sample_Code">CR442SA0148</SimpleData>
		<SimpleData name="Client Name">Regenerative carbon Alliance</SimpleData>
		<SimpleData name="Farm Name">Regenerative carbon Alliance</SimpleData>
		<SimpleData name="Cooperative">Kabianga</SimpleData>
		<SimpleData name="y">-0.4104901</SimpleData>
		<SimpleData name="x">35.058115</SimpleData>
		<SimpleData name="Crop">No crop</SimpleData>
		<SimpleData name="Depth">Top Soil</SimpleData>
		<SimpleData name="Condition">Moist</SimpleData>
		<SimpleData name="C (%)">5.67</SimpleData>
		<SimpleData name="%Sand (%)">15.6</SimpleData>
		<SimpleData name="%Silt (%)">23.6</SimpleData>
		<SimpleData name="%Clay (%)">60.8</SimpleData>
		<SimpleData name="FAO Soil Type">NTu</SimpleData>
	</SchemaData></ExtendedData>
      <Point><coordinates>35.058115,-0.4104901</coordinates></Point>
  </Placemark>
  <Placemark>
	<name>KIP50</name>
	<ExtendedData><SchemaData schemaUrl="#kenya_soc_ntu">
		<SimpleData name="Sample Type">Soil Analysis</SimpleData>
		<SimpleData name="Analysis Name">Soil Bulk Density,Soil Organic Carbon (Dry Combustion),Soil Texture Analysis</SimpleData>
		<SimpleData name="Sample_Code">CR442SA0149</SimpleData>
		<SimpleData name="Client Name">Regenerative carbon Alliance</SimpleData>
		<SimpleData name="Farm Name">Regenerative carbon Alliance</SimpleData>
		<SimpleData name="Cooperative">Kipsigis</SimpleData>
		<SimpleData name="y">-0.614858</SimpleData>
		<SimpleData name="x">35.25533</SimpleData>
		<SimpleData name="Crop">No crop</SimpleData>
		<SimpleData name="Depth">Top Soil</SimpleData>
		<SimpleData name="Condition">Moist</SimpleData>
		<SimpleData name="C (%)">4.28</SimpleData>
		<SimpleData name="%Sand (%)">21.6</SimpleData>
		<SimpleData name="%Silt (%)">25.6</SimpleData>
		<SimpleData name="BD (g/cm3)">1.16</SimpleData>
		<SimpleData name="%Clay (%)">52.8</SimpleData>
		<SimpleData name="FAO Soil Type">NTu</SimpleData>
	</SchemaData></ExtendedData>
      <Point><coordinates>35.25533,-0.614858</coordinates></Point>
  </Placemark>
  <Placemark>
	<name>KIP51</name>
	<ExtendedData><SchemaData schemaUrl="#kenya_soc_ntu">
		<SimpleData name="Sample Type">Soil Analysis</SimpleData>
		<SimpleData name="Analysis Name">Soil Bulk Density,Soil Organic Carbon (Dry Combustion),Soil Texture Analysis</SimpleData>
		<SimpleData name="Sample_Code">CR442SA0150</SimpleData>
		<SimpleData name="Client Name">Regenerative carbon Alliance</SimpleData>
		<SimpleData name="Farm Name">Regenerative carbon Alliance</SimpleData>
		<SimpleData name="Cooperative">Kipsigis</SimpleData>
		<SimpleData name="y">-0.617925</SimpleData>
		<SimpleData name="x">35.28242</SimpleData>
		<SimpleData name="Crop">No crop</SimpleData>
		<SimpleData name="Depth">Top Soil</SimpleData>
		<SimpleData name="Condition">Moist</SimpleData>
		<SimpleData name="C (%)">4.03</SimpleData>
		<SimpleData name="%Sand (%)">25.6</SimpleData>
		<SimpleData name="%Silt (%)">25.6</SimpleData>
		<SimpleData name="BD (g/cm3)">1.03</SimpleData>
		<SimpleData name="%Clay (%)">48.8</SimpleData>
		<SimpleData name="FAO Soil Type">NTu</SimpleData>
	</SchemaData></ExtendedData>
      <Point><coordinates>35.28242,-0.617925</coordinates></Point>
  </Placemark>
  <Placemark>
	<name>KIP52</name>
	<ExtendedData><SchemaData schemaUrl="#kenya_soc_ntu">
		<SimpleData name="Sample Type">Soil Analysis</SimpleData>
		<SimpleData name="Analysis Name">Soil Bulk Density,Soil Organic Carbon (Dry Combustion),Soil Texture Analysis</SimpleData>
		<SimpleData name="Sample_Code">CR442SA0151</SimpleData>
		<SimpleData name="Client Name">Regenerative carbon Alliance</SimpleData>
		<SimpleData name="Farm Name">Regenerative carbon Alliance</SimpleData>
		<SimpleData name="Cooperative">Kipsigis</SimpleData>
		<SimpleData name="y">-0.602682</SimpleData>
		<SimpleData name="x">35.25003</SimpleData>
		<SimpleData name="Crop">No crop</SimpleData>
		<SimpleData name="Depth">Top Soil</SimpleData>
		<SimpleData name="Condition">Moist</SimpleData>
		<SimpleData name="C (%)">2.52</SimpleData>
		<SimpleData name="%Sand (%)">23.6</SimpleData>
		<SimpleData name="%Silt (%)">19.6</SimpleData>
		<SimpleData name="BD (g/cm3)">1.13</SimpleData>
		<SimpleData name="%Clay (%)">56.8</SimpleData>
		<SimpleData name="FAO Soil Type">NTu</SimpleData>
	</SchemaData></ExtendedData>
      <Point><coordinates>35.25003,-0.602682</coordinates></Point>
  </Placemark>
  <Placemark>
	<name>KIP54</name>
	<ExtendedData><SchemaData schemaUrl="#kenya_soc_ntu">
		<SimpleData name="Sample Type">Soil Analysis</SimpleData>
		<SimpleData name="Analysis Name">Soil Bulk Density,Soil Organic Carbon (Dry Combustion),Soil Texture Analysis</SimpleData>
		<SimpleData name="Sample_Code">CR442SA0152</SimpleData>
		<SimpleData name="Client Name">Regenerative carbon Alliance</SimpleData>
		<SimpleData name="Farm Name">Regenerative carbon Alliance</SimpleData>
		<SimpleData name="Cooperative">Kipsigis</SimpleData>
		<SimpleData name="y">-0.601893</SimpleData>
		<SimpleData name="x">35.24019</SimpleData>
		<SimpleData name="Crop">No crop</SimpleData>
		<SimpleData name="Depth">Top Soil</SimpleData>
		<SimpleData name="Condition">Moist</SimpleData>
		<SimpleData name="C (%)">6.05</SimpleData>
		<SimpleData name="%Sand (%)">23.6</SimpleData>
		<SimpleData name="%Silt (%)">27.6</SimpleData>
		<SimpleData name="BD (g/cm3)">1.03</SimpleData>
		<SimpleData name="%Clay (%)">48.8</SimpleData>
		<SimpleData name="FAO Soil Type">NTu</SimpleData>
	</SchemaData></ExtendedData>
      <Point><coordinates>35.24019,-0.601893</coordinates></Point>
  </Placemark>
  <Placemark>
	<name>KIP56</name>
	<ExtendedData><SchemaData schemaUrl="#kenya_soc_ntu">
		<SimpleData name="Sample Type">Soil Analysis</SimpleData>
		<SimpleData name="Analysis Name">Soil Organic Carbon (Dry Combustion) ,Soil Texture Analysis</SimpleData>
		<SimpleData name="Sample_Code">CR442SA0153</SimpleData>
		<SimpleData name="Client Name">Regenerative carbon Alliance</SimpleData>
		<SimpleData name="Farm Name">Regenerative carbon Alliance</SimpleData>
		<SimpleData name="Cooperative">Kipsigis</SimpleData>
		<SimpleData name="y">-0.600335</SimpleData>
		<SimpleData name="x">35.22866</SimpleData>
		<SimpleData name="Crop">No crop</SimpleData>
		<SimpleData name="Depth">Top Soil</SimpleData>
		<SimpleData name="Condition">Moist</SimpleData>
		<SimpleData name="C (%)">3.71</SimpleData>
		<SimpleData name="%Sand (%)">21.6</SimpleData>
		<SimpleData name="%Silt (%)">27.6</SimpleData>
		<SimpleData name="%Clay (%)">50.8</SimpleData>
		<SimpleData name="FAO Soil Type">NTu</SimpleData>
	</SchemaData></ExtendedData>
      <Point><coordinates>35.22866,-0.600335</coordinates></Point>
  </Placemark>
  <Placemark>
	<name>KIP57</name>
	<ExtendedData><SchemaData schemaUrl="#kenya_soc_ntu">
		<SimpleData name="Sample Type">Soil Analysis</SimpleData>
		<SimpleData name="Analysis Name">Soil Organic Carbon (Dry Combustion) ,Soil Texture Analysis</SimpleData>
		<SimpleData name="Sample_Code">CR442SA0154</SimpleData>
		<SimpleData name="Client Name">Regenerative carbon Alliance</SimpleData>
		<SimpleData name="Farm Name">Regenerative carbon Alliance</SimpleData>
		<SimpleData name="Cooperative">Kipsigis</SimpleData>
		<SimpleData name="y">-0.59136</SimpleData>
		<SimpleData name="x">35.23817</SimpleData>
		<SimpleData name="Crop">No crop</SimpleData>
		<SimpleData name="Depth">Top Soil</SimpleData>
		<SimpleData name="Condition">Moist</SimpleData>
		<SimpleData name="C (%)">5.31</SimpleData>
		<SimpleData name="%Sand (%)">19.6</SimpleData>
		<SimpleData name="%Silt (%)">25.6</SimpleData>
		<SimpleData name="%Clay (%)">54.8</SimpleData>
		<SimpleData name="FAO Soil Type">NTu</SimpleData>
	</SchemaData></ExtendedData>
      <Point><coordinates>35.23817,-0.59136</coordinates></Point>
  </Placemark>
  <Placemark>
	<name>KIP58</name>
	<ExtendedData><SchemaData schemaUrl="#kenya_soc_ntu">
		<SimpleData name="Sample Type">Soil Analysis</SimpleData>
		<SimpleData name="Analysis Name">Soil Organic Carbon (Dry Combustion) ,Soil Texture Analysis</SimpleData>
		<SimpleData name="Sample_Code">CR442SA0155</SimpleData>
		<SimpleData name="Client Name">Regenerative carbon Alliance</SimpleData>
		<SimpleData name="Farm Name">Regenerative carbon Alliance</SimpleData>
		<SimpleData name="Cooperative">Kipsigis</SimpleData>
		<SimpleData name="y">-0.58694</SimpleData>
		<SimpleData name="x">35.23189</SimpleData>
		<SimpleData name="Crop">No crop</SimpleData>
		<SimpleData name="Depth">Top Soil</SimpleData>
		<SimpleData name="Condition">Moist</SimpleData>
		<SimpleData name="C (%)">4.26</SimpleData>
		<SimpleData name="%Sand (%)">17.6</SimpleData>
		<SimpleData name="%Silt (%)">23.6</SimpleData>
		<SimpleData name="%Clay (%)">58.8</SimpleData>
		<SimpleData name="FAO Soil Type">NTu</SimpleData>
	</SchemaData></ExtendedData>
      <Point><coordinates>35.23189,-0.58694</coordinates></Point>
  </Placemark>
  <Placemark>
	<name>KIP59</name>
	<ExtendedData><SchemaData schemaUrl="#kenya_soc_ntu">
		<SimpleData name="Sample Type">Soil Analysis</SimpleData>
		<SimpleData name="Analysis Name">Soil Organic Carbon (Dry Combustion) ,Soil Texture Analysis</SimpleData>
		<SimpleData name="Sample_Code">CR442SA0156</SimpleData>
		<SimpleData name="Client Name">Regenerative carbon Alliance</SimpleData>
		<SimpleData name="Farm Name">Regenerative carbon Alliance</SimpleData>
		<SimpleData name="Cooperative">Kipsigis</SimpleData>
		<SimpleData name="y">-0.58308</SimpleData>
		<SimpleData name="x">35.22897</SimpleData>
		<SimpleData name="Crop">No crop</SimpleData>
		<SimpleData name="Depth">Top Soil</SimpleData>
		<SimpleData name="Condition">Moist</SimpleData>
		<SimpleData name="C (%)">3.83</SimpleData>
		<SimpleData name="%Sand (%)">3.28</SimpleData>
		<SimpleData name="%Silt (%)">19.3</SimpleData>
		<SimpleData name="%Clay (%)">77.42</SimpleData>
		<SimpleData name="FAO Soil Type">NTu</SimpleData>
	</SchemaData></ExtendedData>
      <Point><coordinates>35.22897,-0.58308</coordinates></Point>
  </Placemark>
  <Placemark>
	<name>KIP60</name>
	<ExtendedData><SchemaData schemaUrl="#kenya_soc_ntu">
		<SimpleData name="Sample Type">Soil Analysis</SimpleData>
		<SimpleData name="Analysis Name">Soil Organic Carbon (Dry Combustion) ,Soil Texture Analysis</SimpleData>
		<SimpleData name="Sample_Code">CR442SA0157</SimpleData>
		<SimpleData name="Client Name">Regenerative carbon Alliance</SimpleData>
		<SimpleData name="Farm Name">Regenerative carbon Alliance</SimpleData>
		<SimpleData name="Cooperative">Kipsigis</SimpleData>
		<SimpleData name="y">-0.57536</SimpleData>
		<SimpleData name="x">35.23066</SimpleData>
		<SimpleData name="Crop">No crop</SimpleData>
		<SimpleData name="Depth">Top Soil</SimpleData>
		<SimpleData name="Condition">Moist</SimpleData>
		<SimpleData name="C (%)">3.85</SimpleData>
		<SimpleData name="%Sand (%)">15.6</SimpleData>
		<SimpleData name="%Silt (%)">21.6</SimpleData>
		<SimpleData name="%Clay (%)">62.8</SimpleData>
		<SimpleData name="FAO Soil Type">NTu</SimpleData>
	</SchemaData></ExtendedData>
      <Point><coordinates>35.23066,-0.57536</coordinates></Point>
  </Placemark>
  <Placemark>
	<name>KIP61</name>
	<ExtendedData><SchemaData schemaUrl="#kenya_soc_ntu">
		<SimpleData name="Sample Type">Soil Analysis</SimpleData>
		<SimpleData name="Analysis Name">Soil Organic Carbon (Dry Combustion) ,Soil Texture Analysis</SimpleData>
		<SimpleData name="Sample_Code">CR442SA0158</SimpleData>
		<SimpleData name="Client Name">Regenerative carbon Alliance</SimpleData>
		<SimpleData name="Farm Name">Regenerative carbon Alliance</SimpleData>
		<SimpleData name="Cooperative">Kipsigis</SimpleData>
		<SimpleData name="y">-0.56414</SimpleData>
		<SimpleData name="x">35.23886</SimpleData>
		<SimpleData name="Crop">No crop</SimpleData>
		<SimpleData name="Depth">Top Soil</SimpleData>
		<SimpleData name="Condition">Moist</SimpleData>
		<SimpleData name="C (%)">3.75</SimpleData>
		<SimpleData name="%Sand (%)">37.6</SimpleData>
		<SimpleData name="%Silt (%)">15.6</SimpleData>
		<SimpleData name="%Clay (%)">46.8</SimpleData>
		<SimpleData name="FAO Soil Type">NTu</SimpleData>
	</SchemaData></ExtendedData>
      <Point><coordinates>35.23886,-0.56414</coordinates></Point>
  </Placemark>
  <Placemark>
	<name>KIP62</name>
	<ExtendedData><SchemaData schemaUrl="#kenya_soc_ntu">
		<SimpleData name="Sample Type">Soil Analysis</SimpleData>
		<SimpleData name="Analysis Name">Soil Organic Carbon (Dry Combustion) ,Soil Texture Analysis</SimpleData>
		<SimpleData name="Sample_Code">CR442SA0159</SimpleData>
		<SimpleData name="Client Name">Regenerative carbon Alliance</SimpleData>
		<SimpleData name="Farm Name">Regenerative carbon Alliance</SimpleData>
		<SimpleData name="Cooperative">Kipsigis</SimpleData>
		<SimpleData name="y">-0.55772</SimpleData>
		<SimpleData name="x">35.24239</SimpleData>
		<SimpleData name="Crop">No crop</SimpleData>
		<SimpleData name="Depth">Top Soil</SimpleData>
		<SimpleData name="Condition">Moist</SimpleData>
		<SimpleData name="C (%)">3.9</SimpleData>
		<SimpleData name="%Sand (%)">23.3</SimpleData>
		<SimpleData name="%Silt (%)">15.3</SimpleData>
		<SimpleData name="%Clay (%)">61.4</SimpleData>
		<SimpleData name="FAO Soil Type">NTu</SimpleData>
	</SchemaData></ExtendedData>
      <Point><coordinates>35.24239,-0.55772</coordinates></Point>
  </Placemark>
  <Placemark>
	<name>KIP63</name>
	<ExtendedData><SchemaData schemaUrl="#kenya_soc_ntu">
		<SimpleData name="Sample Type">Soil Analysis</SimpleData>
		<SimpleData name="Analysis Name">Soil Organic Carbon (Dry Combustion) ,Soil Texture Analysis</SimpleData>
		<SimpleData name="Sample_Code">CR442SA0160</SimpleData>
		<SimpleData name="Client Name">Regenerative carbon Alliance</SimpleData>
		<SimpleData name="Farm Name">Regenerative carbon Alliance</SimpleData>
		<SimpleData name="Cooperative">Kipsigis</SimpleData>
		<SimpleData name="y">-0.56914</SimpleData>
		<SimpleData name="x">35.24417</SimpleData>
		<SimpleData name="Crop">No crop</SimpleData>
		<SimpleData name="Depth">Top Soil</SimpleData>
		<SimpleData name="Condition">Moist</SimpleData>
		<SimpleData name="C (%)">4.36</SimpleData>
		<SimpleData name="%Sand (%)">19.3</SimpleData>
		<SimpleData name="%Silt (%)">19.3</SimpleData>
		<SimpleData name="%Clay (%)">61.4</SimpleData>
		<SimpleData name="FAO Soil Type">NTu</SimpleData>
	</SchemaData></ExtendedData>
      <Point><coordinates>35.24417,-0.56914</coordinates></Point>
  </Placemark>
  <Placemark>
	<name>KIP64</name>
	<ExtendedData><SchemaData schemaUrl="#kenya_soc_ntu">
		<SimpleData name="Sample Type">Soil Analysis</SimpleData>
		<SimpleData name="Analysis Name">Soil Organic Carbon (Dry Combustion) ,Soil Texture Analysis</SimpleData>
		<SimpleData name="Sample_Code">CR442SA0161</SimpleData>
		<SimpleData name="Client Name">Regenerative carbon Alliance</SimpleData>
		<SimpleData name="Farm Name">Regenerative carbon Alliance</SimpleData>
		<SimpleData name="Cooperative">Kipsigis</SimpleData>
		<SimpleData name="y">-0.57834</SimpleData>
		<SimpleData name="x">35.26203</SimpleData>
		<SimpleData name="Crop">No crop</SimpleData>
		<SimpleData name="Depth">Top Soil</SimpleData>
		<SimpleData name="Condition">Moist</SimpleData>
		<SimpleData name="C (%)">3.77</SimpleData>
		<SimpleData name="%Sand (%)">31.6</SimpleData>
		<SimpleData name="%Silt (%)">23.6</SimpleData>
		<SimpleData name="%Clay (%)">44.8</SimpleData>
		<SimpleData name="FAO Soil Type">NTu</SimpleData>
	</SchemaData></ExtendedData>
      <Point><coordinates>35.26203,-0.57834</coordinates></Point>
  </Placemark>
  <Placemark>
	<name>KIP65</name>
	<ExtendedData><SchemaData schemaUrl="#kenya_soc_ntu">
		<SimpleData name="Sample Type">Soil Analysis</SimpleData>
		<SimpleData name="Analysis Name">Soil Organic Carbon (Dry Combustion) ,Soil Texture Analysis</SimpleData>
		<SimpleData name="Sample_Code">CR442SA0162</SimpleData>
		<SimpleData name="Client Name">Regenerative carbon Alliance</SimpleData>
		<SimpleData name="Farm Name">Regenerative carbon Alliance</SimpleData>
		<SimpleData name="Cooperative">Kipsigis</SimpleData>
		<SimpleData name="y">-0.58817</SimpleData>
		<SimpleData name="x">35.24797</SimpleData>
		<SimpleData name="Crop">No crop</SimpleData>
		<SimpleData name="Depth">Top Soil</SimpleData>
		<SimpleData name="Condition">Moist</SimpleData>
		<SimpleData name="C (%)">4.33</SimpleData>
		<SimpleData name="%Sand (%)">29.6</SimpleData>
		<SimpleData name="%Silt (%)">19.6</SimpleData>
		<SimpleData name="%Clay (%)">50.8</SimpleData>
		<SimpleData name="FAO Soil Type">NTu</SimpleData>
	</SchemaData></ExtendedData>
      <Point><coordinates>35.24797,-0.58817</coordinates></Point>
  </Placemark>
  <Placemark>
	<name>KNTU12R</name>
	<ExtendedData><SchemaData schemaUrl="#kenya_soc_ntu">
		<SimpleData name="Sample Type">Soil Analysis</SimpleData>
		<SimpleData name="Analysis Name">Soil Organic Carbon (Dry Combustion) ,Soil Texture Analysis</SimpleData>
		<SimpleData name="Sample_Code">CR442SA0163</SimpleData>
		<SimpleData name="Client Name">Regenerative carbon Alliance</SimpleData>
		<SimpleData name="Farm Name">Regenerative carbon Alliance</SimpleData>
		<SimpleData name="Cooperative">Kipsigis</SimpleData>
		<SimpleData name="y">-0.51864</SimpleData>
		<SimpleData name="x">35.27775</SimpleData>
		<SimpleData name="Crop">No crop</SimpleData>
		<SimpleData name="Depth">Top Soil</SimpleData>
		<SimpleData name="Condition">Moist</SimpleData>
		<SimpleData name="C (%)">2.91</SimpleData>
		<SimpleData name="%Sand (%)">17.6</SimpleData>
		<SimpleData name="%Silt (%)">17.6</SimpleData>
		<SimpleData name="%Clay (%)">64.8</SimpleData>
		<SimpleData name="FAO Soil Type">NTu</SimpleData>
	</SchemaData></ExtendedData>
      <Point><coordinates>35.27775,-0.51864</coordinates></Point>
  </Placemark>
  <Placemark>
	<name>KNTU27R</name>
	<ExtendedData><SchemaData schemaUrl="#kenya_soc_ntu">
		<SimpleData name="Sample Type">Soil Analysis</SimpleData>
		<SimpleData name="Analysis Name">Soil Organic Carbon (Dry Combustion) ,Soil Texture Analysis</SimpleData>
		<SimpleData name="Sample_Code">CR442SA0164</SimpleData>
		<SimpleData name="Client Name">Regenerative carbon Alliance</SimpleData>
		<SimpleData name="Farm Name">Regenerative carbon Alliance</SimpleData>
		<SimpleData name="Cooperative">Kipsigis</SimpleData>
		<SimpleData name="y">-0.51128</SimpleData>
		<SimpleData name="x">35.27289</SimpleData>
		<SimpleData name="Crop">No crop</SimpleData>
		<SimpleData name="Depth">Top Soil</SimpleData>
		<SimpleData name="Condition">Moist</SimpleData>
		<SimpleData name="C (%)">4.67</SimpleData>
		<SimpleData name="%Sand (%)">27.6</SimpleData>
		<SimpleData name="%Silt (%)">21.6</SimpleData>
		<SimpleData name="%Clay (%)">50.8</SimpleData>
		<SimpleData name="FAO Soil Type">NTu</SimpleData>
	</SchemaData></ExtendedData>
      <Point><coordinates>35.27289,-0.51128</coordinates></Point>
  </Placemark>
  <Placemark>
	<name>M50</name>
	<ExtendedData><SchemaData schemaUrl="#kenya_soc_ntu">
		<SimpleData name="Sample Type">Soil Analysis</SimpleData>
		<SimpleData name="Analysis Name">Soil Organic Carbon (Dry Combustion) ,Soil Texture Analysis</SimpleData>
		<SimpleData name="Sample_Code">CR442SA0193</SimpleData>
		<SimpleData name="Client Name">Regenerative carbon Alliance</SimpleData>
		<SimpleData name="Farm Name">Regenerative carbon Alliance</SimpleData>
		<SimpleData name="Cooperative">Mumberes</SimpleData>
		<SimpleData name="y">0.0568437</SimpleData>
		<SimpleData name="x">35.555937</SimpleData>
		<SimpleData name="Crop">No crop</SimpleData>
		<SimpleData name="Depth">Top Soil</SimpleData>
		<SimpleData name="Condition">Moist</SimpleData>
		<SimpleData name="C (%)">4.25</SimpleData>
		<SimpleData name="%Sand (%)">17.3</SimpleData>
		<SimpleData name="%Silt (%)">24</SimpleData>
		<SimpleData name="%Clay (%)">58.7</SimpleData>
		<SimpleData name="FAO Soil Type">NTu</SimpleData>
	</SchemaData></ExtendedData>
      <Point><coordinates>35.555937,0.0568437</coordinates></Point>
  </Placemark>
  <Placemark>
	<name>M51</name>
	<ExtendedData><SchemaData schemaUrl="#kenya_soc_ntu">
		<SimpleData name="Sample Type">Soil Analysis</SimpleData>
		<SimpleData name="Analysis Name">Soil Organic Carbon (Dry Combustion) ,Soil Texture Analysis</SimpleData>
		<SimpleData name="Sample_Code">CR442SA0194</SimpleData>
		<SimpleData name="Client Name">Regenerative carbon Alliance</SimpleData>
		<SimpleData name="Farm Name">Regenerative carbon Alliance</SimpleData>
		<SimpleData name="Cooperative">Mumberes</SimpleData>
		<SimpleData name="y">-0.0114145</SimpleData>
		<SimpleData name="x">35.5717195</SimpleData>
		<SimpleData name="Crop">No crop</SimpleData>
		<SimpleData name="Depth">Top Soil</SimpleData>
		<SimpleData name="Condition">Moist</SimpleData>
		<SimpleData name="C (%)">1.22</SimpleData>
		<SimpleData name="%Sand (%)">13.3</SimpleData>
		<SimpleData name="%Silt (%)">14</SimpleData>
		<SimpleData name="%Clay (%)">72.7</SimpleData>
		<SimpleData name="FAO Soil Type">NTu</SimpleData>
	</SchemaData></ExtendedData>
      <Point><coordinates>35.5717195,-0.0114145</coordinates></Point>
  </Placemark>
  <Placemark>
	<name>M52</name>
	<ExtendedData><SchemaData schemaUrl="#kenya_soc_ntu">
		<SimpleData name="Sample Type">Soil Analysis</SimpleData>
		<SimpleData name="Analysis Name">Soil Organic Carbon (Dry Combustion) ,Soil Texture Analysis</SimpleData>
		<SimpleData name="Sample_Code">CR442SA0195</SimpleData>
		<SimpleData name="Client Name">Regenerative carbon Alliance</SimpleData>
		<SimpleData name="Farm Name">Regenerative carbon Alliance</SimpleData>
		<SimpleData name="Cooperative">Mumberes</SimpleData>
		<SimpleData name="y">0.0402137</SimpleData>
		<SimpleData name="x">35.5314847</SimpleData>
		<SimpleData name="Crop">No crop</SimpleData>
		<SimpleData name="Depth">Top Soil</SimpleData>
		<SimpleData name="Condition">Moist</SimpleData>
		<SimpleData name="C (%)">3.24</SimpleData>
		<SimpleData name="%Sand (%)">15.3</SimpleData>
		<SimpleData name="%Silt (%)">26</SimpleData>
		<SimpleData name="%Clay (%)">58.7</SimpleData>
		<SimpleData name="FAO Soil Type">NTu</SimpleData>
	</SchemaData></ExtendedData>
      <Point><coordinates>35.5314847,0.0402137</coordinates></Point>
  </Placemark>
  <Placemark>
	<name>M55</name>
	<ExtendedData><SchemaData schemaUrl="#kenya_soc_ntu">
		<SimpleData name="Sample Type">Soil Analysis</SimpleData>
		<SimpleData name="Analysis Name">Soil Organic Carbon (Dry Combustion) ,Soil Texture Analysis</SimpleData>
		<SimpleData name="Sample_Code">CR442SA0198</SimpleData>
		<SimpleData name="Client Name">Regenerative carbon Alliance</SimpleData>
		<SimpleData name="Farm Name">Regenerative carbon Alliance</SimpleData>
		<SimpleData name="Cooperative">Mumberes</SimpleData>
		<SimpleData name="y">-0.02145</SimpleData>
		<SimpleData name="x">35.613964</SimpleData>
		<SimpleData name="Crop">No crop</SimpleData>
		<SimpleData name="Depth">Top Soil</SimpleData>
		<SimpleData name="Condition">Moist</SimpleData>
		<SimpleData name="C (%)">3.43</SimpleData>
		<SimpleData name="%Sand (%)">21.3</SimpleData>
		<SimpleData name="%Silt (%)">28</SimpleData>
		<SimpleData name="%Clay (%)">50.7</SimpleData>
		<SimpleData name="FAO Soil Type">NTu</SimpleData>
	</SchemaData></ExtendedData>
      <Point><coordinates>35.613964,-0.02145</coordinates></Point>
  </Placemark>
  <Placemark>
	<name>M61</name>
	<ExtendedData><SchemaData schemaUrl="#kenya_soc_ntu">
		<SimpleData name="Sample Type">Soil Analysis</SimpleData>
		<SimpleData name="Analysis Name">Soil Organic Carbon (Dry Combustion) ,Soil Texture Analysis</SimpleData>
		<SimpleData name="Sample_Code">CR442SA0204</SimpleData>
		<SimpleData name="Client Name">Regenerative carbon Alliance</SimpleData>
		<SimpleData name="Farm Name">Regenerative carbon Alliance</SimpleData>
		<SimpleData name="Cooperative">Mumberes</SimpleData>
		<SimpleData name="y">0.030608</SimpleData>
		<SimpleData name="x">35.5285041</SimpleData>
		<SimpleData name="Crop">No crop</SimpleData>
		<SimpleData name="Depth">Top Soil</SimpleData>
		<SimpleData name="Condition">Moist</SimpleData>
		<SimpleData name="C (%)">7.14</SimpleData>
		<SimpleData name="%Sand (%)">27.3</SimpleData>
		<SimpleData name="%Silt (%)">30</SimpleData>
		<SimpleData name="%Clay (%)">42.7</SimpleData>
		<SimpleData name="FAO Soil Type">NTu</SimpleData>
	</SchemaData></ExtendedData>
      <Point><coordinates>35.5285041,0.030608</coordinates></Point>
  </Placemark>
  <Placemark>
	<name>M62</name>
	<ExtendedData><SchemaData schemaUrl="#kenya_soc_ntu">
		<SimpleData name="Sample Type">Soil Analysis</SimpleData>
		<SimpleData name="Analysis Name">Soil Organic Carbon (Dry Combustion) ,Soil Texture Analysis</SimpleData>
		<SimpleData name="Sample_Code">CR442SA0205</SimpleData>
		<SimpleData name="Client Name">Regenerative carbon Alliance</SimpleData>
		<SimpleData name="Farm Name">Regenerative carbon Alliance</SimpleData>
		<SimpleData name="Cooperative">Mumberes</SimpleData>
		<SimpleData name="y">-0.025212</SimpleData>
		<SimpleData name="x">35.61661</SimpleData>
		<SimpleData name="Crop">No crop</SimpleData>
		<SimpleData name="Depth">Top Soil</SimpleData>
		<SimpleData name="Condition">Moist</SimpleData>
		<SimpleData name="C (%)">3.49</SimpleData>
		<SimpleData name="%Sand (%)">13.3</SimpleData>
		<SimpleData name="%Silt (%)">18</SimpleData>
		<SimpleData name="%Clay (%)">68.7</SimpleData>
		<SimpleData name="FAO Soil Type">NTu</SimpleData>
	</SchemaData></ExtendedData>
      <Point><coordinates>35.61661,-0.025212</coordinates></Point>
  </Placemark>
  <Placemark>
	<name>M63</name>
	<ExtendedData><SchemaData schemaUrl="#kenya_soc_ntu">
		<SimpleData name="Sample Type">Soil Analysis</SimpleData>
		<SimpleData name="Analysis Name">Soil Organic Carbon (Dry Combustion) ,Soil Texture Analysis</SimpleData>
		<SimpleData name="Sample_Code">CR442SA0206</SimpleData>
		<SimpleData name="Client Name">Regenerative carbon Alliance</SimpleData>
		<SimpleData name="Farm Name">Regenerative carbon Alliance</SimpleData>
		<SimpleData name="Cooperative">Mumberes</SimpleData>
		<SimpleData name="y">-0.010177</SimpleData>
		<SimpleData name="x">35.5880853</SimpleData>
		<SimpleData name="Crop">No crop</SimpleData>
		<SimpleData name="Depth">Top Soil</SimpleData>
		<SimpleData name="Condition">Moist</SimpleData>
		<SimpleData name="C (%)">3.86</SimpleData>
		<SimpleData name="%Sand (%)">19.3</SimpleData>
		<SimpleData name="%Silt (%)">26</SimpleData>
		<SimpleData name="%Clay (%)">54.7</SimpleData>
		<SimpleData name="FAO Soil Type">NTu</SimpleData>
	</SchemaData></ExtendedData>
      <Point><coordinates>35.5880853,-0.010177</coordinates></Point>
  </Placemark>
  <Placemark>
	<name>M66</name>
	<ExtendedData><SchemaData schemaUrl="#kenya_soc_ntu">
		<SimpleData name="Sample Type">Soil Analysis</SimpleData>
		<SimpleData name="Analysis Name">Soil Organic Carbon (Dry Combustion) ,Soil Texture Analysis</SimpleData>
		<SimpleData name="Sample_Code">CR442SA0209</SimpleData>
		<SimpleData name="Client Name">Regenerative carbon Alliance</SimpleData>
		<SimpleData name="Farm Name">Regenerative carbon Alliance</SimpleData>
		<SimpleData name="Cooperative">Mumberes</SimpleData>
		<SimpleData name="y">-0.027472</SimpleData>
		<SimpleData name="x">35.612269</SimpleData>
		<SimpleData name="Crop">No crop</SimpleData>
		<SimpleData name="Depth">Top Soil</SimpleData>
		<SimpleData name="Condition">Moist</SimpleData>
		<SimpleData name="C (%)">3.02</SimpleData>
		<SimpleData name="%Sand (%)">23.3</SimpleData>
		<SimpleData name="%Silt (%)">24</SimpleData>
		<SimpleData name="%Clay (%)">52.7</SimpleData>
		<SimpleData name="FAO Soil Type">NTu</SimpleData>
	</SchemaData></ExtendedData>
      <Point><coordinates>35.612269,-0.027472</coordinates></Point>
  </Placemark>
  <Placemark>
	<name>M67</name>
	<ExtendedData><SchemaData schemaUrl="#kenya_soc_ntu">
		<SimpleData name="Sample Type">Soil Analysis</SimpleData>
		<SimpleData name="Analysis Name">Soil Organic Carbon (Dry Combustion) ,Soil Texture Analysis</SimpleData>
		<SimpleData name="Sample_Code">CR442SA0210</SimpleData>
		<SimpleData name="Client Name">Regenerative carbon Alliance</SimpleData>
		<SimpleData name="Farm Name">Regenerative carbon Alliance</SimpleData>
		<SimpleData name="Cooperative">Mumberes</SimpleData>
		<SimpleData name="y">0.0699931</SimpleData>
		<SimpleData name="x">35.5574947</SimpleData>
		<SimpleData name="Crop">No crop</SimpleData>
		<SimpleData name="Depth">Top Soil</SimpleData>
		<SimpleData name="Condition">Moist</SimpleData>
		<SimpleData name="C (%)">6.87</SimpleData>
		<SimpleData name="%Sand (%)">23.3</SimpleData>
		<SimpleData name="%Silt (%)">28</SimpleData>
		<SimpleData name="%Clay (%)">48.7</SimpleData>
		<SimpleData name="FAO Soil Type">NTu</SimpleData>
	</SchemaData></ExtendedData>
      <Point><coordinates>35.5574947,0.0699931</coordinates></Point>
  </Placemark>
  <Placemark>
	<name>M68</name>
	<ExtendedData><SchemaData schemaUrl="#kenya_soc_ntu">
		<SimpleData name="Sample Type">Soil Analysis</SimpleData>
		<SimpleData name="Analysis Name">Soil Organic Carbon (Dry Combustion) ,Soil Texture Analysis</SimpleData>
		<SimpleData name="Sample_Code">CR442SA0211</SimpleData>
		<SimpleData name="Client Name">Regenerative carbon Alliance</SimpleData>
		<SimpleData name="Farm Name">Regenerative carbon Alliance</SimpleData>
		<SimpleData name="Cooperative">Mumberes</SimpleData>
		<SimpleData name="y">-0.034043</SimpleData>
		<SimpleData name="x">35.620116</SimpleData>
		<SimpleData name="Crop">No crop</SimpleData>
		<SimpleData name="Depth">Top Soil</SimpleData>
		<SimpleData name="Condition">Moist</SimpleData>
		<SimpleData name="C (%)">3.45</SimpleData>
		<SimpleData name="%Sand (%)">13.3</SimpleData>
		<SimpleData name="%Silt (%)">20</SimpleData>
		<SimpleData name="%Clay (%)">66.7</SimpleData>
		<SimpleData name="FAO Soil Type">NTu</SimpleData>
	</SchemaData></ExtendedData>
      <Point><coordinates>35.620116,-0.034043</coordinates></Point>
  </Placemark>
  <Placemark>
	<name>M69</name>
	<ExtendedData><SchemaData schemaUrl="#kenya_soc_ntu">
		<SimpleData name="Sample Type">Soil Analysis</SimpleData>
		<SimpleData name="Analysis Name">Soil Organic Carbon (Dry Combustion) ,Soil Texture Analysis</SimpleData>
		<SimpleData name="Sample_Code">CR442SA0212</SimpleData>
		<SimpleData name="Client Name">Regenerative carbon Alliance</SimpleData>
		<SimpleData name="Farm Name">Regenerative carbon Alliance</SimpleData>
		<SimpleData name="Cooperative">Mumberes</SimpleData>
		<SimpleData name="y">0.025187</SimpleData>
		<SimpleData name="x">35.569348</SimpleData>
		<SimpleData name="Crop">No crop</SimpleData>
		<SimpleData name="Depth">Top Soil</SimpleData>
		<SimpleData name="Condition">Moist</SimpleData>
		<SimpleData name="C (%)">3.35</SimpleData>
		<SimpleData name="%Sand (%)">15.3</SimpleData>
		<SimpleData name="%Silt (%)">22</SimpleData>
		<SimpleData name="%Clay (%)">62.7</SimpleData>
		<SimpleData name="FAO Soil Type">NTu</SimpleData>
	</SchemaData></ExtendedData>
      <Point><coordinates>35.569348,0.025187</coordinates></Point>
  </Placemark>
  <Placemark>
	<name>M72</name>
	<ExtendedData><SchemaData schemaUrl="#kenya_soc_ntu">
		<SimpleData name="Sample Type">Soil Analysis</SimpleData>
		<SimpleData name="Analysis Name">Soil Organic Carbon (Dry Combustion) ,Soil Texture Analysis</SimpleData>
		<SimpleData name="Sample_Code">CR442SA0215</SimpleData>
		<SimpleData name="Client Name">Regenerative carbon Alliance</SimpleData>
		<SimpleData name="Farm Name">Regenerative carbon Alliance</SimpleData>
		<SimpleData name="Cooperative">Mumberes</SimpleData>
		<SimpleData name="y">-0.008234</SimpleData>
		<SimpleData name="x">35.5860267</SimpleData>
		<SimpleData name="Crop">No crop</SimpleData>
		<SimpleData name="Depth">Top Soil</SimpleData>
		<SimpleData name="Condition">Moist</SimpleData>
		<SimpleData name="C (%)">4.85</SimpleData>
		<SimpleData name="%Sand (%)">19.3</SimpleData>
		<SimpleData name="%Silt (%)">20</SimpleData>
		<SimpleData name="%Clay (%)">60.7</SimpleData>
		<SimpleData name="FAO Soil Type">NTu</SimpleData>
	</SchemaData></ExtendedData>
      <Point><coordinates>35.5860267,-0.008234</coordinates></Point>
  </Placemark>
  <Placemark>
	<name>M73</name>
	<ExtendedData><SchemaData schemaUrl="#kenya_soc_ntu">
		<SimpleData name="Sample Type">Soil Analysis</SimpleData>
		<SimpleData name="Analysis Name">Soil Organic Carbon (Dry Combustion) ,Soil Texture Analysis</SimpleData>
		<SimpleData name="Sample_Code">CR442SA0216</SimpleData>
		<SimpleData name="Client Name">Regenerative carbon Alliance</SimpleData>
		<SimpleData name="Farm Name">Regenerative carbon Alliance</SimpleData>
		<SimpleData name="Cooperative">Mumberes</SimpleData>
		<SimpleData name="y">-0.0068095</SimpleData>
		<SimpleData name="x">35.5644775</SimpleData>
		<SimpleData name="Crop">No crop</SimpleData>
		<SimpleData name="Depth">Top Soil</SimpleData>
		<SimpleData name="Condition">Moist</SimpleData>
		<SimpleData name="C (%)">3.14</SimpleData>
		<SimpleData name="%Sand (%)">19.3</SimpleData>
		<SimpleData name="%Silt (%)">22</SimpleData>
		<SimpleData name="%Clay (%)">58.7</SimpleData>
		<SimpleData name="FAO Soil Type">NTu</SimpleData>
	</SchemaData></ExtendedData>
      <Point><coordinates>35.5644775,-0.0068095</coordinates></Point>
  </Placemark>
  <Placemark>
	<name>M74</name>
	<ExtendedData><SchemaData schemaUrl="#kenya_soc_ntu">
		<SimpleData name="Sample Type">Soil Analysis</SimpleData>
		<SimpleData name="Analysis Name">Soil Organic Carbon (Dry Combustion) ,Soil Texture Analysis</SimpleData>
		<SimpleData name="Sample_Code">CR442SA0217</SimpleData>
		<SimpleData name="Client Name">Regenerative carbon Alliance</SimpleData>
		<SimpleData name="Farm Name">Regenerative carbon Alliance</SimpleData>
		<SimpleData name="Cooperative">Mumberes</SimpleData>
		<SimpleData name="y">0.0398834</SimpleData>
		<SimpleData name="x">35.5344267</SimpleData>
		<SimpleData name="Crop">No crop</SimpleData>
		<SimpleData name="Depth">Top Soil</SimpleData>
		<SimpleData name="Condition">Moist</SimpleData>
		<SimpleData name="C (%)">4.41</SimpleData>
		<SimpleData name="%Sand (%)">19.3</SimpleData>
		<SimpleData name="%Silt (%)">24</SimpleData>
		<SimpleData name="%Clay (%)">56.7</SimpleData>
		<SimpleData name="FAO Soil Type">NTu</SimpleData>
	</SchemaData></ExtendedData>
      <Point><coordinates>35.5344267,0.0398834</coordinates></Point>
  </Placemark>
  <Placemark>
	<name>M75</name>
	<ExtendedData><SchemaData schemaUrl="#kenya_soc_ntu">
		<SimpleData name="Sample Type">Soil Analysis</SimpleData>
		<SimpleData name="Analysis Name">Soil Organic Carbon (Dry Combustion) ,Soil Texture Analysis</SimpleData>
		<SimpleData name="Sample_Code">CR442SA0218</SimpleData>
		<SimpleData name="Client Name">Regenerative carbon Alliance</SimpleData>
		<SimpleData name="Farm Name">Regenerative carbon Alliance</SimpleData>
		<SimpleData name="Cooperative">Mumberes</SimpleData>
		<SimpleData name="y">0.052757</SimpleData>
		<SimpleData name="x">35.5500321</SimpleData>
		<SimpleData name="Crop">No crop</SimpleData>
		<SimpleData name="Depth">Top Soil</SimpleData>
		<SimpleData name="Condition">Moist</SimpleData>
		<SimpleData name="C (%)">6.47</SimpleData>
		<SimpleData name="%Sand (%)">27.3</SimpleData>
		<SimpleData name="%Silt (%)">32</SimpleData>
		<SimpleData name="%Clay (%)">40.7</SimpleData>
		<SimpleData name="FAO Soil Type">NTu</SimpleData>
	</SchemaData></ExtendedData>
      <Point><coordinates>35.5500321,0.052757</coordinates></Point>
  </Placemark>
  <Placemark>
	<name>MNTP1R</name>
	<ExtendedData><SchemaData schemaUrl="#kenya_soc_ntu">
		<SimpleData name="Sample Type">Soil Analysis</SimpleData>
		<SimpleData name="Analysis Name">Soil Organic Carbon (Dry Combustion) ,Soil Texture Analysis</SimpleData>
		<SimpleData name="Sample_Code">CR442SA0221</SimpleData>
		<SimpleData name="Client Name">Regenerative carbon Alliance</SimpleData>
		<SimpleData name="Farm Name">Regenerative carbon Alliance</SimpleData>
		<SimpleData name="Cooperative">Mumberes</SimpleData>
		<SimpleData name="y">0.01208</SimpleData>
		<SimpleData name="x">35.62211</SimpleData>
		<SimpleData name="Crop">No crop</SimpleData>
		<SimpleData name="Depth">Top Soil</SimpleData>
		<SimpleData name="Condition">Moist</SimpleData>
		<SimpleData name="C (%)">3.46</SimpleData>
		<SimpleData name="%Sand (%)">29.3</SimpleData>
		<SimpleData name="%Silt (%)">20</SimpleData>
		<SimpleData name="%Clay (%)">50.7</SimpleData>
		<SimpleData name="FAO Soil Type">NTu</SimpleData>
	</SchemaData></ExtendedData>
      <Point><coordinates>35.62211,0.01208</coordinates></Point>
  </Placemark>
  <Placemark>
	<name>MNTU18R</name>
	<ExtendedData><SchemaData schemaUrl="#kenya_soc_ntu">
		<SimpleData name="Sample Type">Soil Analysis</SimpleData>
		<SimpleData name="Analysis Name">Soil Bulk Density,Soil Organic Carbon (Dry Combustion),Soil Texture Analysis</SimpleData>
		<SimpleData name="Sample_Code">CR442SA0222</SimpleData>
		<SimpleData name="Client Name">Regenerative carbon Alliance</SimpleData>
		<SimpleData name="Farm Name">Regenerative carbon Alliance</SimpleData>
		<SimpleData name="Cooperative">Mumberes</SimpleData>
		<SimpleData name="y">0.03339</SimpleData>
		<SimpleData name="x">35.57908</SimpleData>
		<SimpleData name="Crop">No crop</SimpleData>
		<SimpleData name="Depth">Top Soil</SimpleData>
		<SimpleData name="Condition">Moist</SimpleData>
		<SimpleData name="C (%)">5.67</SimpleData>
		<SimpleData name="%Sand (%)">15.3</SimpleData>
		<SimpleData name="%Silt (%)">16</SimpleData>
		<SimpleData name="BD (g/cm3)">1.03</SimpleData>
		<SimpleData name="%Clay (%)">68.7</SimpleData>
		<SimpleData name="FAO Soil Type">NTu</SimpleData>
	</SchemaData></ExtendedData>
      <Point><coordinates>35.57908,0.03339</coordinates></Point>
  </Placemark>
  <Placemark>
	<name>MNTU24R</name>
	<ExtendedData><SchemaData schemaUrl="#kenya_soc_ntu">
		<SimpleData name="Sample Type">Soil Analysis</SimpleData>
		<SimpleData name="Analysis Name">Soil Bulk Density,Soil Organic Carbon (Dry Combustion),Soil Texture Analysis</SimpleData>
		<SimpleData name="Sample_Code">CR442SA0223</SimpleData>
		<SimpleData name="Client Name">Regenerative carbon Alliance</SimpleData>
		<SimpleData name="Farm Name">Regenerative carbon Alliance</SimpleData>
		<SimpleData name="Cooperative">Mumberes</SimpleData>
		<SimpleData name="y">0.04247</SimpleData>
		<SimpleData name="x">35.57331</SimpleData>
		<SimpleData name="Crop">No crop</SimpleData>
		<SimpleData name="Depth">Top Soil</SimpleData>
		<SimpleData name="Condition">Moist</SimpleData>
		<SimpleData name="C (%)">5.95</SimpleData>
		<SimpleData name="%Sand (%)">23.3</SimpleData>
		<SimpleData name="%Silt (%)">20</SimpleData>
		<SimpleData name="BD (g/cm3)">1.08</SimpleData>
		<SimpleData name="%Clay (%)">56.7</SimpleData>
		<SimpleData name="FAO Soil Type">NTu</SimpleData>
	</SchemaData></ExtendedData>
      <Point><coordinates>35.57331,0.04247</coordinates></Point>
  </Placemark>
  <Placemark>
	<name>MNTU29R</name>
	<ExtendedData><SchemaData schemaUrl="#kenya_soc_ntu">
		<SimpleData name="Sample Type">Soil Analysis</SimpleData>
		<SimpleData name="Analysis Name">Soil Organic Carbon (Dry Combustion) ,Soil Texture Analysis</SimpleData>
		<SimpleData name="Sample_Code">CR442SA0224</SimpleData>
		<SimpleData name="Client Name">Regenerative carbon Alliance</SimpleData>
		<SimpleData name="Farm Name">Regenerative carbon Alliance</SimpleData>
		<SimpleData name="Cooperative">Mumberes</SimpleData>
		<SimpleData name="y">-0.00744</SimpleData>
		<SimpleData name="x">35.60911</SimpleData>
		<SimpleData name="Crop">No crop</SimpleData>
		<SimpleData name="Depth">Top Soil</SimpleData>
		<SimpleData name="Condition">Moist</SimpleData>
		<SimpleData name="C (%)">4.29</SimpleData>
		<SimpleData name="%Sand (%)">13.3</SimpleData>
		<SimpleData name="%Silt (%)">22</SimpleData>
		<SimpleData name="%Clay (%)">64.7</SimpleData>
		<SimpleData name="FAO Soil Type">NTu</SimpleData>
	</SchemaData></ExtendedData>
      <Point><coordinates>35.60911,-0.00744</coordinates></Point>
  </Placemark>
  <Placemark>
	<name>MNTU2R</name>
	<ExtendedData><SchemaData schemaUrl="#kenya_soc_ntu">
		<SimpleData name="Sample Type">Soil Analysis</SimpleData>
		<SimpleData name="Analysis Name">Soil Organic Carbon (Dry Combustion) ,Soil Texture Analysis</SimpleData>
		<SimpleData name="Sample_Code">CR442SA0225</SimpleData>
		<SimpleData name="Client Name">Regenerative carbon Alliance</SimpleData>
		<SimpleData name="Farm Name">Regenerative carbon Alliance</SimpleData>
		<SimpleData name="Cooperative">Mumberes</SimpleData>
		<SimpleData name="y">0.00897</SimpleData>
		<SimpleData name="x">35.6131</SimpleData>
		<SimpleData name="Crop">No crop</SimpleData>
		<SimpleData name="Depth">Top Soil</SimpleData>
		<SimpleData name="Condition">Moist</SimpleData>
		<SimpleData name="C (%)">3.87</SimpleData>
		<SimpleData name="%Sand (%)">21.3</SimpleData>
		<SimpleData name="%Silt (%)">14</SimpleData>
		<SimpleData name="%Clay (%)">64.7</SimpleData>
		<SimpleData name="FAO Soil Type">NTu</SimpleData>
	</SchemaData></ExtendedData>
      <Point><coordinates>35.6131,0.00897</coordinates></Point>
  </Placemark>
  <Placemark>
	<name>MNTU31R</name>
	<ExtendedData><SchemaData schemaUrl="#kenya_soc_ntu">
		<SimpleData name="Sample Type">Soil Analysis</SimpleData>
		<SimpleData name="Analysis Name">Soil Bulk Density,Soil Organic Carbon (Dry Combustion),Soil Texture Analysis</SimpleData>
		<SimpleData name="Sample_Code">CR442SA0226</SimpleData>
		<SimpleData name="Client Name">Regenerative carbon Alliance</SimpleData>
		<SimpleData name="Farm Name">Regenerative carbon Alliance</SimpleData>
		<SimpleData name="Cooperative">Mumberes</SimpleData>
		<SimpleData name="y">-0.031</SimpleData>
		<SimpleData name="x">35.62242</SimpleData>
		<SimpleData name="Crop">No crop</SimpleData>
		<SimpleData name="Depth">Top Soil</SimpleData>
		<SimpleData name="Condition">Moist</SimpleData>
		<SimpleData name="C (%)">3.26</SimpleData>
		<SimpleData name="%Sand (%)">11.3</SimpleData>
		<SimpleData name="%Silt (%)">18</SimpleData>
		<SimpleData name="BD (g/cm3)">1.09</SimpleData>
		<SimpleData name="%Clay (%)">70.7</SimpleData>
		<SimpleData name="FAO Soil Type">NTu</SimpleData>
	</SchemaData></ExtendedData>
      <Point><coordinates>35.62242,-0.031</coordinates></Point>
  </Placemark>
  <Placemark>
	<name>MNTU35R</name>
	<ExtendedData><SchemaData schemaUrl="#kenya_soc_ntu">
		<SimpleData name="Sample Type">Soil Analysis</SimpleData>
		<SimpleData name="Analysis Name">Soil Bulk Density,Soil Organic Carbon (Dry Combustion),Soil Texture Analysis</SimpleData>
		<SimpleData name="Sample_Code">CR442SA0227</SimpleData>
		<SimpleData name="Client Name">Regenerative carbon Alliance</SimpleData>
		<SimpleData name="Farm Name">Regenerative carbon Alliance</SimpleData>
		<SimpleData name="Cooperative">Mumberes</SimpleData>
		<SimpleData name="y">0.03833</SimpleData>
		<SimpleData name="x">35.57606</SimpleData>
		<SimpleData name="Crop">No crop</SimpleData>
		<SimpleData name="Depth">Top Soil</SimpleData>
		<SimpleData name="Condition">Moist</SimpleData>
		<SimpleData name="C (%)">5.87</SimpleData>
		<SimpleData name="%Sand (%)">15.3</SimpleData>
		<SimpleData name="%Silt (%)">22</SimpleData>
		<SimpleData name="BD (g/cm3)">1.02</SimpleData>
		<SimpleData name="%Clay (%)">62.7</SimpleData>
		<SimpleData name="FAO Soil Type">NTu</SimpleData>
	</SchemaData></ExtendedData>
      <Point><coordinates>35.57606,0.03833</coordinates></Point>
  </Placemark>
  <Placemark>
	<name>MNTU58R</name>
	<ExtendedData><SchemaData schemaUrl="#kenya_soc_ntu">
		<SimpleData name="Sample Type">Soil Analysis</SimpleData>
		<SimpleData name="Analysis Name">Soil Organic Carbon (Dry Combustion) ,Soil Texture Analysis</SimpleData>
		<SimpleData name="Sample_Code">CR442SA0228</SimpleData>
		<SimpleData name="Client Name">Regenerative carbon Alliance</SimpleData>
		<SimpleData name="Farm Name">Regenerative carbon Alliance</SimpleData>
		<SimpleData name="Cooperative">Mumberes</SimpleData>
		<SimpleData name="y">-0.01336</SimpleData>
		<SimpleData name="x">35.62864</SimpleData>
		<SimpleData name="Crop">No crop</SimpleData>
		<SimpleData name="Depth">Top Soil</SimpleData>
		<SimpleData name="Condition">Moist</SimpleData>
		<SimpleData name="C (%)">3.67</SimpleData>
		<SimpleData name="%Sand (%)">9.28</SimpleData>
		<SimpleData name="%Silt (%)">22</SimpleData>
		<SimpleData name="%Clay (%)">68.72</SimpleData>
		<SimpleData name="FAO Soil Type">NTu</SimpleData>
	</SchemaData></ExtendedData>
      <Point><coordinates>35.62864,-0.01336</coordinates></Point>
  </Placemark>
  <Placemark>
	<name>MNTU65R</name>
	<ExtendedData><SchemaData schemaUrl="#kenya_soc_ntu">
		<SimpleData name="Sample Type">Soil Analysis</SimpleData>
		<SimpleData name="Analysis Name">Soil Organic Carbon (Dry Combustion) ,Soil Texture Analysis</SimpleData>
		<SimpleData name="Sample_Code">CR442SA0229</SimpleData>
		<SimpleData name="Client Name">Regenerative carbon Alliance</SimpleData>
		<SimpleData name="Farm Name">Regenerative carbon Alliance</SimpleData>
		<SimpleData name="Cooperative">Mumberes</SimpleData>
		<SimpleData name="y">0.00967</SimpleData>
		<SimpleData name="x">35.61286</SimpleData>
		<SimpleData name="Crop">No crop</SimpleData>
		<SimpleData name="Depth">Top Soil</SimpleData>
		<SimpleData name="Condition">Moist</SimpleData>
		<SimpleData name="C (%)">3.93</SimpleData>
		<SimpleData name="%Sand (%)">21.3</SimpleData>
		<SimpleData name="%Silt (%)">14</SimpleData>
		<SimpleData name="%Clay (%)">64.7</SimpleData>
		<SimpleData name="FAO Soil Type">NTu</SimpleData>
	</SchemaData></ExtendedData>
      <Point><coordinates>35.61286,0.00967</coordinates></Point>
  </Placemark>
  <Placemark>
	<name>MNTU016</name>
	<ExtendedData><SchemaData schemaUrl="#kenya_soc_ntu">
		<SimpleData name="Sample Type">Soil Analysis</SimpleData>
		<SimpleData name="Analysis Name">Soil Organic Carbon (Dry Combustion) ,Soil Texture Analysis</SimpleData>
		<SimpleData name="Sample_Code">CR442SA0230</SimpleData>
		<SimpleData name="Client Name">Regenerative carbon Alliance</SimpleData>
		<SimpleData name="Farm Name">Regenerative carbon Alliance</SimpleData>
		<SimpleData name="Cooperative">Mumberes</SimpleData>
		<SimpleData name="y">-0.01</SimpleData>
		<SimpleData name="x">35.61</SimpleData>
		<SimpleData name="Crop">No crop</SimpleData>
		<SimpleData name="Depth">Top Soil</SimpleData>
		<SimpleData name="Condition">Moist</SimpleData>
		<SimpleData name="C (%)">3.39</SimpleData>
		<SimpleData name="%Sand (%)">15.3</SimpleData>
		<SimpleData name="%Silt (%)">22</SimpleData>
		<SimpleData name="%Clay (%)">62.7</SimpleData>
		<SimpleData name="FAO Soil Type">NTu</SimpleData>
	</SchemaData></ExtendedData>
      <Point><coordinates>35.61,-0.01</coordinates></Point>
  </Placemark>
  <Placemark>
	<name>MNTU69R</name>
	<ExtendedData><SchemaData schemaUrl="#kenya_soc_ntu">
		<SimpleData name="Sample Type">Soil Analysis</SimpleData>
		<SimpleData name="Analysis Name">Soil Organic Carbon (Dry Combustion) ,Soil Texture Analysis</SimpleData>
		<SimpleData name="Sample_Code">CR442SA0231</SimpleData>
		<SimpleData name="Client Name">Regenerative carbon Alliance</SimpleData>
		<SimpleData name="Farm Name">Regenerative carbon Alliance</SimpleData>
		<SimpleData name="Cooperative">Mumberes</SimpleData>
		<SimpleData name="y">0.03125</SimpleData>
		<SimpleData name="x">35.57914</SimpleData>
		<SimpleData name="Crop">No crop</SimpleData>
		<SimpleData name="Depth">Top Soil</SimpleData>
		<SimpleData name="Condition">Moist</SimpleData>
		<SimpleData name="C (%)">4.74</SimpleData>
		<SimpleData name="%Sand (%)">15.3</SimpleData>
		<SimpleData name="%Silt (%)">18</SimpleData>
		<SimpleData name="%Clay (%)">66.7</SimpleData>
		<SimpleData name="FAO Soil Type">NTu</SimpleData>
	</SchemaData></ExtendedData>
      <Point><coordinates>35.57914,0.03125</coordinates></Point>
  </Placemark>
  <Placemark>
	<name>MNTU71R</name>
	<ExtendedData><SchemaData schemaUrl="#kenya_soc_ntu">
		<SimpleData name="Sample Type">Soil Analysis</SimpleData>
		<SimpleData name="Analysis Name">Soil Organic Carbon (Dry Combustion) ,Soil Texture Analysis</SimpleData>
		<SimpleData name="Sample_Code">CR442SA0232</SimpleData>
		<SimpleData name="Client Name">Regenerative carbon Alliance</SimpleData>
		<SimpleData name="Farm Name">Regenerative carbon Alliance</SimpleData>
		<SimpleData name="Cooperative">Mumberes</SimpleData>
		<SimpleData name="y">-0.01319</SimpleData>
		<SimpleData name="x">35.62825</SimpleData>
		<SimpleData name="Crop">No crop</SimpleData>
		<SimpleData name="Depth">Top Soil</SimpleData>
		<SimpleData name="Condition">Moist</SimpleData>
		<SimpleData name="C (%)">4</SimpleData>
		<SimpleData name="%Sand (%)">17.3</SimpleData>
		<SimpleData name="%Silt (%)">26</SimpleData>
		<SimpleData name="%Clay (%)">56.7</SimpleData>
		<SimpleData name="FAO Soil Type">NTu</SimpleData>
	</SchemaData></ExtendedData>
      <Point><coordinates>35.62825,-0.01319</coordinates></Point>
  </Placemark>
  <Placemark>
	<name>MNTU75R</name>
	<ExtendedData><SchemaData schemaUrl="#kenya_soc_ntu">
		<SimpleData name="Sample Type">Soil Analysis</SimpleData>
		<SimpleData name="Analysis Name">Soil Organic Carbon (Dry Combustion) ,Soil Texture Analysis</SimpleData>
		<SimpleData name="Sample_Code">CR442SA0233</SimpleData>
		<SimpleData name="Client Name">Regenerative carbon Alliance</SimpleData>
		<SimpleData name="Farm Name">Regenerative carbon Alliance</SimpleData>
		<SimpleData name="Cooperative">Mumberes</SimpleData>
		<SimpleData name="y">-0.02586</SimpleData>
		<SimpleData name="x">35.61686</SimpleData>
		<SimpleData name="Crop">No crop</SimpleData>
		<SimpleData name="Depth">Top Soil</SimpleData>
		<SimpleData name="Condition">Moist</SimpleData>
		<SimpleData name="C (%)">3.41</SimpleData>
		<SimpleData name="%Sand (%)">19.3</SimpleData>
		<SimpleData name="%Silt (%)">22</SimpleData>
		<SimpleData name="%Clay (%)">58.7</SimpleData>
		<SimpleData name="FAO Soil Type">NTu</SimpleData>
	</SchemaData></ExtendedData>
      <Point><coordinates>35.61686,-0.02586</coordinates></Point>
  </Placemark>
  <Placemark>
	<name>MNTU7R</name>
	<ExtendedData><SchemaData schemaUrl="#kenya_soc_ntu">
		<SimpleData name="Sample Type">Soil Analysis</SimpleData>
		<SimpleData name="Analysis Name">Soil Bulk Density,Soil Organic Carbon (Dry Combustion),Soil Texture Analysis</SimpleData>
		<SimpleData name="Sample_Code">CR442SA0234</SimpleData>
		<SimpleData name="Client Name">Regenerative carbon Alliance</SimpleData>
		<SimpleData name="Farm Name">Regenerative carbon Alliance</SimpleData>
		<SimpleData name="Cooperative">Mumberes</SimpleData>
		<SimpleData name="y">0.03028</SimpleData>
		<SimpleData name="x">35.58417</SimpleData>
		<SimpleData name="Crop">No crop</SimpleData>
		<SimpleData name="Depth">Top Soil</SimpleData>
		<SimpleData name="Condition">Moist</SimpleData>
		<SimpleData name="C (%)">3.59</SimpleData>
		<SimpleData name="%Sand (%)">19.3</SimpleData>
		<SimpleData name="%Silt (%)">20</SimpleData>
		<SimpleData name="BD (g/cm3)">0.93</SimpleData>
		<SimpleData name="%Clay (%)">60.7</SimpleData>
		<SimpleData name="FAO Soil Type">NTu</SimpleData>
	</SchemaData></ExtendedData>
      <Point><coordinates>35.58417,0.03028</coordinates></Point>
  </Placemark>
  <Placemark>
	<name>MNTU81R</name>
	<ExtendedData><SchemaData schemaUrl="#kenya_soc_ntu">
		<SimpleData name="Sample Type">Soil Analysis</SimpleData>
		<SimpleData name="Analysis Name">Soil Bulk Density,Soil Organic Carbon (Dry Combustion),Soil Texture Analysis</SimpleData>
		<SimpleData name="Sample_Code">CR442SA0235</SimpleData>
		<SimpleData name="Client Name">Regenerative carbon Alliance</SimpleData>
		<SimpleData name="Farm Name">Regenerative carbon Alliance</SimpleData>
		<SimpleData name="Cooperative">Mumberes</SimpleData>
		<SimpleData name="y">0.02947</SimpleData>
		<SimpleData name="x">35.58547</SimpleData>
		<SimpleData name="Crop">No crop</SimpleData>
		<SimpleData name="Depth">Top Soil</SimpleData>
		<SimpleData name="Condition">Moist</SimpleData>
		<SimpleData name="C (%)">5.77</SimpleData>
		<SimpleData name="%Sand (%)">19.3</SimpleData>
		<SimpleData name="%Silt (%)">20</SimpleData>
		<SimpleData name="BD (g/cm3)">1.01</SimpleData>
		<SimpleData name="%Clay (%)">60.7</SimpleData>
		<SimpleData name="FAO Soil Type">NTu</SimpleData>
	</SchemaData></ExtendedData>
      <Point><coordinates>35.58547,0.02947</coordinates></Point>
  </Placemark>
  <Placemark>
	<name>MNTU9R</name>
	<ExtendedData><SchemaData schemaUrl="#kenya_soc_ntu">
		<SimpleData name="Sample Type">Soil Analysis</SimpleData>
		<SimpleData name="Analysis Name">Soil Organic Carbon (Dry Combustion) ,Soil Texture Analysis</SimpleData>
		<SimpleData name="Sample_Code">CR442SA0236</SimpleData>
		<SimpleData name="Client Name">Regenerative carbon Alliance</SimpleData>
		<SimpleData name="Farm Name">Regenerative carbon Alliance</SimpleData>
		<SimpleData name="Cooperative">Mumberes</SimpleData>
		<SimpleData name="y">0.01539</SimpleData>
		<SimpleData name="x">35.61328</SimpleData>
		<SimpleData name="Crop">No crop</SimpleData>
		<SimpleData name="Depth">Top Soil</SimpleData>
		<SimpleData name="Condition">Moist</SimpleData>
		<SimpleData name="C (%)">4.26</SimpleData>
		<SimpleData name="%Sand (%)">17.3</SimpleData>
		<SimpleData name="%Silt (%)">16</SimpleData>
		<SimpleData name="%Clay (%)">66.7</SimpleData>
		<SimpleData name="FAO Soil Type">NTu</SimpleData>
	</SchemaData></ExtendedData>
      <Point><coordinates>35.61328,0.01539</coordinates></Point>
  </Placemark>
</Folder>
</Document></kml>
